Make,Car_Name,CC_Capacity,Horsepower,Top_Speed_kmh,Acceleration_0_100_sec,Price_USD,Seats,Torque_Nm,Engine_Layout,Fuel_Type_Cleaned
FERRARI,Sf90 Stradale,3990.0,963.0,340.0,2.5,1100000.0,2,800.0,V-type,Hybrid
ROLLS ROYCE,Phantom,6749.0,563.0,250.0,5.3,460000.0,5,900.0,V-type,Petrol
FORD,Ka+,1200.0,77.5,165.0,10.5,13500.0,5,120.0,Inline,Petrol
MERCEDES,Gt 63 S,3982.0,630.0,250.0,3.2,161000.0,4,900.0,V-type,Petrol
AUDI,Audi R8 Gt,5204.0,602.0,320.0,3.6,253290.0,2,560.0,V-type,Petrol
BMW,Mclaren 720S,3994.0,710.0,341.0,2.9,499000.0,2,770.0,V-type,Petrol
ASTON MARTIN,Vantage F1,3982.0,656.0,314.0,3.6,193440.0,2,685.0,V-type,Petrol
BENTLEY,Continental Gt Azure,3996.0,550.0,318.0,4.0,311000.0,4,900.0,V-type,Petrol
LAMBORGHINI,Veneno Roadster,6498.0,750.0,356.0,2.9,4500000.0,2,690.0,V-type,Petrol
FERRARI,F8 Tributo,3900.0,710.0,340.0,2.9,280000.0,2,770.0,V-type,Petrol
FERRARI,812 Gts,6496.0,789.0,340.0,2.9,350000.0,2,718.0,V-type,Petrol
FERRARI,Portofino,3900.0,592.0,320.0,3.2,210000.0,4,760.0,V-type,Petrol
FERRARI,Roma,3900.0,612.0,320.0,3.4,230000.0,4,760.0,V-type,Petrol
FERRARI,Monza Sp2,6496.0,789.0,340.0,2.9,1700000.0,2,719.0,V-type,Petrol
FERRARI,F8 Spider,3900.0,710.0,340.0,2.9,280000.0,2,770.0,V-type,Petrol
FERRARI,Portofino M,3900.0,612.0,320.0,3.2,220000.0,4,760.0,V-type,Petrol
FERRARI,Roma Spider,3900.0,612.0,320.0,3.4,240000.0,4,760.0,V-type,Petrol
TOYOTA,Gr Supra,2998.0,382.0,250.0,4.1,53900.0,2,500.0,Inline,Petrol
TOYOTA,Toyota 86,1998.0,205.0,226.0,6.4,27000.0,4,205.0,Boxer,Petrol
TOYOTA,Toyota  Gr86,2387.0,228.0,226.0,5.6,30000.0,4,250.0,Boxer,Petrol
TOYOTA,Toyota Land Cruiser,5663.0,381.0,220.0,6.7,85000.0,7,500.0,V-type,Diesel
TOYOTA,Toyota Sequoia,5663.0,381.0,200.0,6.9,50000.0,7,651.0,V-type,Petrol
NISSAN,Gt-R,3799.0,600.0,315.0,2.9,113000.0,4,637.0,V-type,Petrol
NISSAN,370Z,3696.0,332.0,250.0,4.7,30000.0,2,366.0,V-type,Petrol
NISSAN,Z Proto,2998.0,400.0,290.0,4.1,40000.0,2,475.0,V-type,Petrol
NISSAN,Altima,2488.0,188.0,225.0,7.3,25000.0,5,380.0,Inline,Petrol
NISSAN,Maxima,3498.0,300.0,240.0,5.8,35000.0,5,354.0,V-type,Petrol
NISSAN,Sentra,1998.0,149.0,200.0,8.2,20000.0,5,240.0,Inline,Petrol
NISSAN,Rogue,2488.0,201.0,200.0,7.5,28000.0,5,270.0,Inline,Petrol
NISSAN,Pathfinder,3498.0,284.0,225.0,6.5,35000.0,7,351.0,V-type,Petrol
NISSAN,Frontier,3799.0,310.0,180.0,6.8,30000.0,5,381.0,V-type,Petrol
NISSAN,Titan,5598.0,400.0,200.0,5.9,40000.0,5,560.0,V-type,Petrol
ASTON MARTIN,Valkyrie,6496.0,1160.0,402.0,2.5,3200000.0,2,900.0,V-type,Hybrid
ASTON MARTIN,Valhalla,3996.0,1000.0,362.0,2.5,1100000.0,2,1000.0,V-type,Hybrid
ASTON MARTIN,Dbs Superleggera,5204.0,715.0,340.0,3.4,316000.0,2,900.0,V-type,Petrol
ASTON MARTIN,Db11,5204.0,600.0,322.0,3.9,208000.0,4,700.0,V-type,Petrol
ASTON MARTIN,Vantage,3996.0,503.0,313.0,3.6,142000.0,2,685.0,V-type,Petrol
ASTON MARTIN,Dbx,3996.0,542.0,291.0,4.5,189000.0,5,700.0,V-type,Petrol
ASTON MARTIN,Rapide Amr,5935.0,580.0,328.0,4.2,240000.0,4,630.0,V-type,Petrol
ASTON MARTIN,Vanquish,5935.0,580.0,324.0,3.6,294000.0,2,630.0,V-type,Petrol
ASTON MARTIN,Lagonda Taraf,5935.0,540.0,314.0,4.2,1100000.0,4,630.0,V-type,Petrol
ASTON MARTIN,Victor,5204.0,836.0,320.0,2.8,1300000.0,2,821.0,V-type,Petrol
LAMBORGHINI,Sian,6498.0,819.0,350.0,2.8,2800000.0,2,720.0,V-type,Hybrid
LAMBORGHINI,Aventador Svj,6498.0,759.0,350.0,2.8,518000.0,2,720.0,V-type,Petrol
LAMBORGHINI,Huracan Performante,5204.0,640.0,325.0,2.9,274000.0,2,600.0,V-type,Petrol
LAMBORGHINI,Huracan Evo,5204.0,640.0,325.0,2.9,261000.0,2,600.0,V-type,Petrol
LAMBORGHINI,Aventador Sv,6498.0,740.0,350.0,2.8,493000.0,2,690.0,V-type,Petrol
LAMBORGHINI,Urus,3996.0,641.0,305.0,3.6,211000.0,5,850.0,V-type,Petrol
LAMBORGHINI,Huracan Spyder,5204.0,610.0,325.0,3.4,287000.0,2,600.0,V-type,Petrol
LAMBORGHINI,Aventador Roadster,6498.0,700.0,350.0,3.0,445000.0,2,690.0,V-type,Petrol
LAMBORGHINI,Huracan  Performante Spyder,5204.0,640.0,325.0,3.1,308000.0,2,600.0,V-type,Petrol
LAMBORGHINI,Aventador S,6498.0,740.0,350.0,2.9,421000.0,2,690.0,V-type,Petrol
LAMBORGHINI,Huracan Evo Spyder,5204.0,640.0,325.0,3.1,287000.0,2,600.0,V-type,Petrol
LAMBORGHINI,Urus Performante,3996.0,641.0,305.0,3.3,242000.0,5,850.0,V-type,Petrol
LAMBORGHINI,Aventador Ultimae,6498.0,769.0,355.0,2.8,545000.0,2,720.0,V-type,Petrol
LAMBORGHINI,Huracan Evo Rwd,5204.0,610.0,325.0,3.3,258000.0,2,560.0,V-type,Petrol
LAMBORGHINI,Aventador Svj Roadster,6498.0,759.0,350.0,2.9,573000.0,2,720.0,V-type,Petrol
LAMBORGHINI,Urus S,3996.0,671.0,305.0,3.3,263000.0,5,850.0,V-type,Petrol
LAMBORGHINI,Huracan Sto,5204.0,640.0,325.0,3.0,327000.0,2,565.0,V-type,Petrol
LAMBORGHINI,Aventador Lp 780-4 Ultimate,6498.0,769.0,355.0,2.8,545000.0,2,720.0,V-type,Petrol
LAMBORGHINI,Huracan Evo Rwd Spyder,5204.0,610.0,325.0,3.3,273000.0,2,600.0,V-type,Petrol
LAMBORGHINI,Aventador Svj Xago,6498.0,759.0,350.0,2.9,603000.0,2,720.0,V-type,Petrol
LAMBORGHINI,Urus Graphite Capsule,3998.0,641.0,305.0,3.3,253000.0,5,850.0,V-type,Petrol
LAMBORGHINI,Huracan Sto Evo,5204.0,640.0,325.0,3.0,342000.0,2,565.0,V-type,Petrol
LAMBORGHINI,Aventador Lp 780-4 Ultimate Roadster,6498.0,769.0,355.0,2.8,573000.0,2,720.0,V-type,Petrol
ROLLS ROYCE,Ghost,6592.0,591.0,250.0,4.8,332000.0,5,850.0,V-type,Petrol
ROLLS ROYCE,Wraith,6592.0,624.0,250.0,4.4,330000.0,4,870.0,V-type,Petrol
ROLLS ROYCE,Dawn,6592.0,624.0,250.0,4.9,360000.0,4,870.0,V-type,Petrol
ROLLS ROYCE,Cullinan,6749.0,563.0,250.0,5.2,325000.0,5,850.0,V-type,Petrol
ROLLS ROYCE,Phantom Extended,6749.0,563.0,250.0,5.3,500000.0,5,900.0,V-type,Petrol
ROLLS ROYCE,Ghost Extended,6592.0,591.0,250.0,4.8,370000.0,5,850.0,V-type,Petrol
ROLLS ROYCE,Wraith Black Badge,6592.0,624.0,250.0,4.3,360000.0,4,870.0,V-type,Petrol
ROLLS ROYCE,Dawn Black Badge,6592.0,624.0,250.0,4.8,390000.0,4,870.0,V-type,Petrol
ROLLS ROYCE,Cullinan Black Badge,6749.0,563.0,250.0,5.1,350000.0,5,850.0,V-type,Petrol
ROLLS ROYCE,Phantom Coupe,6749.0,563.0,250.0,5.3,450000.0,4,870.0,V-type,Petrol
ROLLS ROYCE,Ghost Coupe,6592.0,591.0,250.0,4.8,340000.0,4,850.0,V-type,Petrol
ROLLS ROYCE,Wraith Coupe,6592.0,624.0,250.0,4.4,330000.0,4,870.0,V-type,Petrol
ROLLS ROYCE,Dawn Convertible,6592.0,624.0,250.0,4.9,380000.0,4,870.0,V-type,Petrol
ROLLS ROYCE,Cullinan Suv,6749.0,563.0,250.0,5.2,320000.0,5,850.0,V-type,Petrol
MERCEDES,Benz S-Class S 580,3982.0,496.0,250.0,4.4,116000.0,5,700.0,V-type,Petrol
MERCEDES,Benz E-Class E 63 S,3982.0,603.0,250.0,3.4,104000.0,5,850.0,V-type,Petrol
MERCEDES,Benz Cla 45 Amg,1991.0,382.0,250.0,4.1,53000.0,5,500.0,Inline,Petrol
MERCEDES,Benz Gle 63 S,3982.0,603.0,250.0,4.2,113000.0,5,850.0,V-type,Petrol
MERCEDES,Benz S-Class S 500,2996.0,429.0,250.0,4.9,109000.0,5,700.0,V-type,Petrol
MERCEDES,Benz E-Class E 450,2996.0,362.0,250.0,5.2,62000.0,5,500.0,V-type,Petrol
MERCEDES,Benz Cls 450,2996.0,362.0,250.0,5.2,70000.0,5,500.0,V-type,Petrol
MERCEDES,Benz Gt 53,2996.0,429.0,250.0,4.5,99000.0,5,700.0,V-type,Petrol
MERCEDES,Benz Gle 450,2996.0,362.0,250.0,5.5,63000.0,5,500.0,V-type,Petrol
MERCEDES,Benz A-Class A 45 S,1991.0,416.0,250.0,3.9,53000.0,5,500.0,Inline,Petrol
MERCEDES,Benz C-Class C 43,2996.0,402.0,250.0,4.7,52000.0,5,520.0,V-type,Petrol
MERCEDES,Benz E-Class E 350,1991.0,255.0,250.0,5.7,49000.0,5,500.0,Inline,Petrol
MERCEDES,Benz Gle 350,1991.0,255.0,250.0,6.1,53000.0,5,500.0,Inline,Petrol
MERCEDES,Benz Glc 43,2996.0,402.0,250.0,4.7,54000.0,5,520.0,V-type,Petrol
MERCEDES,Benz Gla 45,1991.0,382.0,250.0,4.3,48000.0,5,500.0,Inline,Petrol
MERCEDES,Benz Glc 350,1991.0,255.0,250.0,6.1,46000.0,5,500.0,Inline,Petrol
MERCEDES,Benz Gle 53,2996.0,429.0,250.0,5.2,71000.0,5,620.0,V-type,Petrol
MERCEDES,Benz S-Class S 350,1991.0,255.0,250.0,6.5,90000.0,5,500.0,Inline,Petrol
MERCEDES,Benz Eqs 53,,751.0,250.0,3.4,102000.0,5,950.0,Electric Motor,Electric
MERCEDES,Benz Maybach S 680,5980.0,630.0,250.0,4.7,200000.0,5,1000.0,V-type,Petrol
BMW,M5 Cs,4395.0,627.0,305.0,3.0,142000.0,5,750.0,V-type,Petrol
BMW,M4 Gts,2993.0,493.0,305.0,3.7,133000.0,4,600.0,Inline,Petrol
BMW,M3 Competition,2993.0,503.0,285.0,3.5,76000.0,5,650.0,Inline,Petrol
BMW,M2 Cs,2993.0,444.0,280.0,4.0,83000.0,4,550.0,Inline,Petrol
BMW,X5 M Competition,4935.0,523.0,285.0,4.1,114000.0,5,750.0,V-type,Petrol
BMW,X3 M Competition,2993.0,503.0,285.0,4.1,69000.0,5,650.0,Inline,Petrol
BMW,M8 Gran Coupe,4395.0,523.0,305.0,3.3,146000.0,5,750.0,V-type,Petrol
BMW,M850I Drive Coupe,4935.0,523.0,285.0,3.7,108000.0,4,750.0,V-type,Petrol
ROLLS ROYCE,Dawn Black Badge Volante,6592.0,563.0,250.0,4.8,398000.0,4,840.0,V-type,Petrol
ROLLS ROYCE,Cullinan Black Badge Suv,6749.0,563.0,250.0,5.1,381000.0,5,850.0,V-type,Petrol
ROLLS ROYCE,Phatom Tranquility,6749.0,563.0,250.0,5.3,475000.0,5,900.0,V-type,Petrol
ROLLS ROYCE,Ghost Zenith,6749.0,563.0,250.0,4.9,335000.0,5,900.0,V-type,Petrol
ROLLS ROYCE,Wraith Eagle Viii,6592.0,623.0,250.0,4.5,349000.0,4,800.0,V-type,Petrol
ROLLS ROYCE,Phatom Orchid,6749.0,563.0,250.0,5.3,495000.0,5,900.0,V-type,Petrol
ROLLS ROYCE,Ghost Azure,6749.0,563.0,250.0,4.9,355000.0,5,900.0,V-type,Petrol
ROLLS ROYCE,Wraith Kryptos,6592.0,623.0,250.0,4.5,369000.0,4,800.0,V-type,Petrol
ROLLS ROYCE,Dawn Silver Bullet,6592.0,563.0,250.0,4.8,418000.0,4,840.0,V-type,Petrol
ROLLS ROYCE,Cullinan Fux Orange,6749.0,563.0,250.0,5.1,401000.0,5,850.0,V-type,Petrol
ROLLS ROYCE,Phantom Celestial,6749.0,563.0,250.0,5.3,515000.0,5,900.0,V-type,Petrol
ROLLS ROYCE,Ghost Mysore,6749.0,563.0,250.0,4.9,375000.0,5,900.0,V-type,Petrol
ROLLS ROYCE,Wraith Luminary,6592.0,623.0,250.0,4.5,389000.0,4,800.0,V-type,Petrol
ROLLS ROYCE,Dawn Black Badge Adamas,6592.0,563.0,250.0,4.8,439000.0,4,840.0,V-type,Petrol
ROLLS ROYCE,Cullinan Red Diamond,6749.0,563.0,250.0,5.1,421000.0,5,850.0,V-type,Petrol
AUDI,R8 V10 Plus,5204.0,610.0,330.0,3.2,194000.0,2,560.0,V-type,Petrol
AUDI,Rs7 Sportback,3993.0,591.0,305.0,3.6,114000.0,5,800.0,V-type,Petrol
AUDI,S8,3993.0,563.0,305.0,4.3,101000.0,5,800.0,V-type,Petrol
AUDI,Rs6 Avant,3993.0,591.0,305.0,3.6,109000.0,5,800.0,V-type,Petrol
AUDI,S7 Sportback,3993.0,563.0,305.0,4.3,96000.0,5,650.0,V-type,Petrol
AUDI,A8,2995.0,335.0,250.0,5.7,86000.0,5,600.0,V-type,Petrol
AUDI,S5 Coupe,2995.0,349.0,250.0,4.8,64000.0,4,500.0,V-type,Petrol
AUDI,Sq5,2995.0,349.0,250.0,5.4,62000.0,5,500.0,V-type,Petrol
AUDI,S4 Sedan,2995.0,349.0,250.0,4.7,59000.0,5,500.0,V-type,Petrol
AUDI,S3 Sedan,1984.0,306.0,250.0,4.8,52000.0,5,400.0,Inline,Petrol
AUDI,Q7,2995.0,335.0,250.0,6.3,60000.0,7,600.0,V-type,Petrol
AUDI,Q5,1984.0,248.0,240.0,6.3,43000.0,5,500.0,Inline,Petrol
AUDI,A7,2995.0,335.0,250.0,5.7,68000.0,5,600.0,V-type,Petrol
AUDI,A6,2995.0,335.0,250.0,5.7,58000.0,5,600.0,V-type,Petrol
AUDI,A5 Coupe,1984.0,248.0,240.0,6.3,45000.0,4,500.0,Inline,Petrol
AUDI,A4,1984.0,248.0,240.0,6.5,39000.0,5,400.0,Inline,Petrol
AUDI,Q3,1984.0,248.0,230.0,7.3,35000.0,5,400.0,Inline,Petrol
AUDI,E-Tron,,402.0,200.0,5.5,75000.0,5,664.0,Electric Motor,Electric
AUDI,E-Tron Sportback,,402.0,200.0,5.5,78000.0,5,664.0,Electric Motor,Electric
AUDI,Tt Coupe,1984.0,248.0,250.0,5.3,49000.0,2,400.0,Inline,Petrol
BMW,I8 Roadster,,369.0,250.0,4.4,165000.0,2,570.0,Electric Motor,Hybrid
BMW,330I,1998.0,255.0,250.0,5.6,45000.0,5,400.0,Inline,Petrol
BMW,M340I Xdrive,2998.0,382.0,250.0,4.1,57000.0,5,500.0,Inline,Petrol
BMW,430I Coupe,1998.0,255.0,250.0,5.8,48000.0,4,400.0,Inline,Petrol
BMW,M4 Competition,2993.0,503.0,290.0,3.8,81000.0,4,650.0,Inline,Petrol
BMW,530I,1998.0,248.0,250.0,5.9,57000.0,5,400.0,Inline,Petrol
BMW,M550I Xdrive,4395.0,523.0,250.0,3.6,78000.0,5,650.0,V-type,Petrol
BMW,118I,1499.0,136.0,213.0,8.5,32000.0,5,220.0,Inline,Petrol
BMW,128Ti,1998.0,261.0,250.0,6.1,42000.0,5,400.0,Inline,Petrol
BMW,M135I Xdrive,1998.0,302.0,250.0,4.8,30000.0,5,450.0,Inline,Petrol
BMW,116D,1496.0,116.0,200.0,10.3,30000.0,5,280.0,Inline,Diesel
BMW,120D Xdrive,1995.0,190.0,230.0,6.9,38000.0,5,400.0,Inline,Diesel
BMW,116I,1499.0,109.0,200.0,10.9,28000.0,5,200.0,Inline,Petrol
BMW,118D,1995.0,150.0,216.0,8.4,34000.0,5,380.0,Inline,Diesel
BMW,120I,1998.0,178.0,230.0,7.1,37000.0,5,300.0,Inline,Petrol
BMW,125I,1998.0,224.0,240.0,6.1,42000.0,5,400.0,Inline,Petrol
BMW,114D,1496.0,95.0,185.0,12.2,27000.0,5,270.0,Inline,Diesel
BMW,114I,1598.0,102.0,195.0,11.2,26000.0,5,200.0,Inline,Petrol
BMW,125D,1995.0,224.0,240.0,6.3,44000.0,5,400.0,Inline,Diesel
BMW,118I Xdrive,1499.0,136.0,211.0,8.9,34000.0,5,250.0,Inline,Petrol
BMW,116D Efficientdynamics,1496.0,116.0,200.0,10.9,30000.0,5,270.0,Inline,Diesel
BMW,118I Sportline,1499.0,136.0,213.0,8.5,35000.0,5,250.0,Inline,Petrol
BMW,118I M Sport,1499.0,136.0,213.0,8.5,37000.0,5,250.0,Inline,Petrol
BMW,120I M Sport,1998.0,178.0,230.0,7.1,39000.0,5,300.0,Inline,Petrol
BMW,116I Efficientdynamics,1598.0,109.0,195.0,10.9,29000.0,5,200.0,Inline,Petrol
BMW,116D Advantage,1496.0,116.0,200.0,10.5,31000.0,5,270.0,Inline,Diesel
BMW,120D Efficientdynamics,1995.0,163.0,225.0,7.7,39000.0,5,400.0,Inline,Diesel
BMW,118I Shadow Line,1499.0,136.0,213.0,8.5,36000.0,5,250.0,Inline,Petrol
BMW,118D Sport Line,1995.0,150.0,216.0,8.4,36000.0,5,380.0,Inline,Diesel
BMW,120I Xdrive,1998.0,178.0,230.0,7.2,40000.0,5,300.0,Inline,Petrol
BMW,114D Sport Line,1496.0,95.0,185.0,12.2,28000.0,5,270.0,Inline,Diesel
BMW,118I Urban Line,1499.0,136.0,213.0,8.5,35000.0,5,250.0,Inline,Petrol
VOLVO,Xc90,1969.0,247.0,200.0,6.5,60000.0,7,400.0,Inline,Mixed Fuel
VOLVO,Xc60,1969.0,247.0,220.0,6.4,55000.0,5,400.0,Inline,Mixed Fuel
VOLVO,S90,1969.0,295.0,250.0,5.9,60000.0,5,400.0,Inline,Mixed Fuel
KIA,Sportage Lx,2480.0,187.0,200.0,8.0,27000.0,5,250.0,Inline,Petrol
KIA,Sportage Ex,2480.0,187.0,200.0,8.0,30000.0,5,250.0,Inline,Petrol
KIA,Sportage Gt-Line,2480.0,187.0,200.0,8.0,32000.0,5,350.0,Inline,Petrol
KIA,Sportage Sx Turbo,1998.0,240.0,210.0,6.7,36000.0,5,400.0,Inline,Petrol
KIA,Sportage Nightfall Edition,2480.0,187.0,200.0,8.0,33000.0,5,350.0,Inline,Petrol
HONDA,Civic Type R,1996.0,315.0,272.0,5.7,44000.0,5,400.0,Inline,Petrol
KIA,Sportage Phev,1600.0,261.0,180.0,8.0,41000.0,5,350.0,Electric Motor,Hybrid
KIA,Sportage 2024(Base Model),2480.0,187.0,200.0,8.0,26000.0,5,250.0,Inline,Petrol
KIA,Sportage 2024(Top Trim),1998.0,240.0,210.0,6.7,38000.0,5,400.0,Inline,Petrol
KIA,Sportage 2024(Base Awd),2480.0,187.0,200.0,8.3,29000.0,5,250.0,Inline,Petrol
KIA,Sportage X-Line,2480.0,187.0,200.0,8.0,32500.0,5,350.0,Inline,Petrol
KIA,Sportage 2024(S Trim),2480.0,187.0,200.0,8.2,28000.0,5,250.0,Inline,Petrol
HONDA,Accord,1498.0,192.0,201.0,7.1,29400.0,5,370.0,Inline,Petrol
KIA,Sportage 2024(Hybrid Awd),1600.0,227.0,180.0,8.0,37000.0,5,350.0,Electric Motor,Hybrid
KIA,Sportage 2024(Plug-In Hybrid Awd),1598.0,261.0,180.0,7.9,42000.0,5,350.0,Electric Motor,Hybrid
KIA,Sportage 2024(X-Pro),2480.0,187.0,200.0,8.1,36000.0,5,400.0,Inline,Petrol
KIA,Sportage 2024(X-Pro Prestige),2480.0,187.0,200.0,8.1,38000.0,5,400.0,Inline,Petrol
KIA,Sportage 2024(Sx Turbo Awd),1998.0,240.0,210.0,6.5,40000.0,5,400.0,Inline,Petrol
KIA,Sportage 2024(Base Fwd),2480.0,187.0,200.0,8.5,26500.0,5,250.0,Inline,Petrol
HONDA,Cr-V,1498.0,190.0,186.0,8.2,30000.0,5,400.0,Inline,Hybrid
HONDA,Pilot,3471.0,285.0,209.0,6.3,40000.0,8,360.0,V-type,Petrol
HONDA,Civic Hatchback,1498.0,180.0,220.0,6.8,26350.0,5,300.0,Inline,Petrol
TOYOTA,Camry,3500.0,301.0,220.0,6.0,27000.0,5,250.0,V-type,Hybrid
TOYOTA,Corolla,1798.0,139.0,180.0,9.4,22500.0,5,200.0,Inline,Hybrid
TOYOTA,Prius,1798.0,121.0,180.0,10.5,26700.0,5,142.0,Inline,Hybrid
TOYOTA,Rav4,2494.0,203.0,200.0,8.1,27100.0,5,400.0,Inline,Hybrid
TOYOTA,Highlander,3456.0,295.0,220.0,7.2,38400.0,7,370.0,V-type,Hybrid
TOYOTA,4Runner,3956.0,270.0,200.0,7.5,37400.0,5,400.0,V-type,Petrol
TOYOTA,Tacoma,2694.0,159.0,180.0,9.5,26400.0,5,400.0,Inline,Petrol
TOYOTA,Tundra,5663.0,381.0,220.0,6.7,39900.0,5,650.0,V-type,Petrol
TOYOTA,Avalon,3456.0,301.0,220.0,6.9,41400.0,5,400.0,V-type,Petrol
TOYOTA,Mirai,1798.0,151.0,180.0,9.2,52400.0,5,335.0,Inline,Hydrogen/CNG
TOYOTA,Sienna,2494.0,245.0,190.0,8.0,44150.0,7,360.0,V-type,Hybrid
TOYOTA,Venza,2494.0,219.0,200.0,7.5,33400.0,5,400.0,Inline,Hybrid
TOYOTA,Highlander Hybrid,3456.0,240.0,220.0,8.2,40400.0,7,350.0,V-type,Hybrid
TOYOTA,Land Cruiser Prado,3956.0,282.0,200.0,7.2,49400.0,7,450.0,V-type,Mixed Fuel
TOYOTA,Tundra Hybrid,3456.0,344.0,220.0,6.2,43400.0,5,650.0,V-type,Hybrid
TOYOTA,Yaris,1496.0,106.0,180.0,11.2,18400.0,5,150.0,Inline,Petrol
TOYOTA,C-Hr,1986.0,144.0,200.0,10.2,24400.0,5,250.0,Inline,Hybrid
TOYOTA,Bz4X,,218.0,200.0,7.5,43400.0,5,330.0,Electric Motor,Electric
TOYOTA,Crown,2494.0,236.0,200.0,7.6,38400.0,5,400.0,Hybrid (ICE+Electric),Hybrid
TOYOTA,Mr2,1986.0,168.0,200.0,6.9,29000.0,2,400.0,Inline,Petrol
TOYOTA,Celica,1986.0,140.0,200.0,8.5,25000.0,5,250.0,Inline,Petrol
HONDA,City,1497.0,119.0,180.0,10.2,15400.0,5,145.0,Inline,Hybrid
HONDA,Civic,1996.0,158.0,200.0,8.5,20400.0,5,400.0,Inline,Petrol
HYUNDAI,I10,1197.0,87.0,160.0,12.2,12400.0,5,120.0,Inline,Petrol
HYUNDAI,I20,1396.0,99.0,180.0,10.5,15400.0,5,250.0,Inline,Hybrid
HYUNDAI,Elantra,1999.0,147.0,200.0,9.5,18400.0,5,250.0,Inline,Hybrid
MAHINDRA,Xuv500,2179.0,155.0,180.0,10.5,18400.0,7,400.0,Inline,Diesel
MAHINDRA,Scorpio,2179.0,140.0,160.0,11.2,16400.0,7,280.0,Inline,Diesel
MAHINDRA,Thar,1997.0,150.0,180.0,10.5,20400.0,4,320.0,Inline,Mixed Fuel
MARUTI SUZUKI,Swift,1197.0,83.0,160.0,12.2,10400.0,5,113.0,Inline,Petrol
MARUTI SUZUKI,Dzire,1197.0,83.0,160.0,12.2,11400.0,5,113.0,Inline,Mixed Fuel
MARUTI SUZUKI,Brezza,1462.0,103.0,180.0,11.5,14400.0,5,200.0,Inline,Petrol
TOYOTA,Prius Prime,1998.0,220.0,180.0,6.7,31100.0,5,220.0,Hybrid (ICE+Electric),Hybrid
TOYOTA,Gr Corolla,1618.0,300.0,230.0,5.0,36995.0,5,370.0,Inline,Petrol
TOYOTA,Land Cruiser 300,3346.0,305.0,210.0,6.8,58500.0,7,650.0,V-type,Mixed Fuel
TOYOTA,Tundra I-Force Max,3445.0,437.0,180.0,6.2,56000.0,5,750.0,Hybrid (ICE+Electric),Hybrid
TOYOTA,Corolla Hatchback Xse,1987.0,169.0,190.0,8.2,25390.0,5,250.0,Inline,Petrol
TOYOTA,Mirai,,152.0,180.0,9.0,49500.0,5,335.0,Electric Motor,Hydrogen/CNG
TOYOTA,Hilux Gr Sport,2755.0,224.0,170.0,10.0,50000.0,5,500.0,Inline,Mixed Fuel
TOYOTA,Alphard Executive Lounge,,296.0,180.0,8.5,60000.0,7,400.0,Hybrid (ICE+Electric),Petrol
TOYOTA,Fortuner Gr Sport,2755.0,204.0,175.0,10.5,55000.0,7,500.0,Inline,Mixed Fuel
TOYOTA,Innova Hycross,1987.0,184.0,165.0,9.5,40000.0,7,250.0,Hybrid (ICE+Electric),Hybrid
TOYOTA,Coaster,4009.0,134.0,120.0,,70000.0,20,500.0,Inline,Diesel
TOYOTA,Urban Cruiser Taisor,1490.0,114.0,170.0,11.0,25000.0,5,130.0,Hybrid (ICE+Electric),Petrol
TOYOTA,Aygo X,998.0,71.0,160.0,14.8,18000.0,4,93.0,Inline,Petrol
TOYOTA,Hilux Revo Rocco,2755.0,204.0,175.0,10.0,50000.0,5,500.0,Inline,Diesel
TOYOTA,Proace Verso Electric,,136.0,130.0,13.5,55000.0,7,280.0,Electric Motor,Electric
TOYOTA,Century Suv,3456.0,406.0,200.0,6.0,170000.0,5,500.0,Hybrid (ICE+Electric),Petrol
TOYOTA,Corolla Sedan Hybrid,1798.0,134.0,180.0,10.0,24000.0,5,300.0,Hybrid (ICE+Electric),Hybrid
TOYOTA,Bz3,,241.0,160.0,7.5,35000.0,5,340.0,Electric Motor,Electric
TOYOTA,Gr Yaris,1618.0,268.0,230.0,5.5,45000.0,4,390.0,Inline,Petrol
HYUNDAI,Santa Fe,1600.0,253.0,180.0,9.3,50000.0,7,420.0,Hybrid (ICE+Electric),Hybrid
HYUNDAI,Ioniq 5,,225.0,185.0,7.4,41000.0,5,350.0,Electric Motor,Electric
HYUNDAI,Santa Cruz,2500.0,281.0,215.0,6.5,40799.0,5,400.0,Inline,Petrol
HYUNDAI,Kona,1591.0,147.0,185.0,10.5,20500.0,5,400.0,Inline,Petrol
HYUNDAI,Elantra,2000.0,147.0,210.0,8.3,19950.0,5,250.0,Inline,Hybrid
NISSAN,Urvan,,2488.0,140.0,14.0,28000.0,15,356.0,Inline,Diesel
HYUNDAI,Ioniq 6,,320.0,185.0,5.2,41450.0,5,350.0,Electric Motor,Electric
HYUNDAI,Tucson,2500.0,187.0,180.0,6.1,30500.0,5,400.0,Inline,Hybrid
HYUNDAI,Palisade,3800.0,291.0,240.0,6.3,52000.0,7,355.0,V-type,Petrol
HYUNDAI,Sonata,2500.0,191.0,240.0,8.0,25000.0,5,250.0,Inline,Hybrid
HYUNDAI,Accent,1600.0,120.0,180.0,9.8,15000.0,5,151.0,Inline,Petrol
HYUNDAI,Venue,1600.0,121.0,180.0,9.5,18000.0,5,240.0,Inline,Petrol
HYUNDAI,Kona Electric,,200.0,200.0,6.1,40000.0,5,395.0,Electric Motor,Electric
HYUNDAI,Veloster,2000.0,275.0,220.0,6.0,25000.0,4,264.0,Inline,Petrol
HYUNDAI,Nexo,,161.0,180.0,7.8,38000.0,5,400.0,Electric Motor,Hydrogen/CNG
HYUNDAI,Ioniq,1600.0,139.0,160.0,8.5,18000.0,5,295.0,Inline,Hybrid
HYUNDAI,Genesis,3800.0,291.0,240.0,6.3,52000.0,5,400.0,V-type,Petrol
HYUNDAI,Azera,3300.0,278.0,240.0,6.5,55000.0,5,250.0,V-type,Petrol
HYUNDAI,Equus,3300.0,278.0,240.0,6.5,55000.0,5,400.0,V-type,Petrol
HYUNDAI,Tiburon,2000.0,160.0,200.0,8.2,19000.0,4,320.0,Inline,Petrol
HYUNDAI,Elantra Gt,2000.0,160.0,200.0,8.3,22000.0,5,320.0,Inline,Petrol
VOLKSWAGEN,Golf,1498.0,215.0,210.0,8.5,23000.0,5,250.0,Electric Motor,Petrol
VOLKSWAGEN,Passat,1984.0,215.0,210.0,7.8,25000.0,5,250.0,Inline,Petrol
VOLKSWAGEN,Tiguan,1984.0,190.0,209.0,8.5,28505.0,7,300.0,Inline,Hybrid
VOLKSWAGEN,Jetta,1498.0,189.0,210.0,7.7,21995.0,5,250.0,Inline,Petrol
VOLKSWAGEN,Polo,999.0,140.0,190.0,9.5,18000.0,5,175.0,Inline,Petrol
VOLKSWAGEN,Arteon,1984.0,215.0,250.0,5.6,46000.0,5,350.0,Inline,Petrol
VOLKSWAGEN,Id.4,,251.5,160.0,7.8,39735.0,5,310.0,Electric Motor,Electric
VOLKSWAGEN,Up!,,82.0,160.0,13.0,15000.0,4,95.0,Electric Motor,Petrol
VOLKSWAGEN,Touareg,2967.0,365.5,235.0,5.9,55000.0,5,600.0,V-type,Mixed Fuel
VOLKSWAGEN,Scirocco,1984.0,202.5,233.0,6.0,35000.0,4,350.0,Inline,Petrol
VOLKSWAGEN,Beetle,1984.0,157.5,205.0,7.0,20000.0,4,240.0,Inline,Petrol
VOLKSWAGEN,Amarok,2967.0,210.5,180.0,7.9,40000.0,5,550.0,V-type,Diesel
VOLKSWAGEN,T-Roc,1984.0,207.5,205.0,7.2,30000.0,5,320.0,Inline,Petrol
VOLKSWAGEN,Sharan,1984.0,185.0,200.0,9.3,33000.0,7,280.0,Inline,Mixed Fuel
VOLKSWAGEN,Caddy,1498.0,126.0,185.0,10.5,28000.0,7,250.0,Inline,Mixed Fuel
NISSAN,Nv1500,3954.0,261.0,160.0,9.5,33000.0,12,385.0,V-type,Petrol
VOLKSWAGEN,Taigo,1498.0,122.5,183.0,10.0,24000.0,5,200.0,Inline,Petrol
VOLKSWAGEN,California,1984.0,177.0,180.0,13.0,70000.0,7,340.0,Inline,Diesel
VOLKSWAGEN,Id.3,,204.0,160.0,7.3,35000.0,5,310.0,Electric Motor,Electric
VOLKSWAGEN,Id. Buzz,,204.0,145.0,10.2,59995.0,7,310.0,Electric Motor,Electric
VOLKSWAGEN,Golf Gti,1984.0,245.0,250.0,5.9,31965.0,5,350.0,Inline,Petrol
VOLKSWAGEN,Golf R,1984.0,315.0,250.0,4.6,44640.0,5,420.0,Inline,Petrol
VOLKSWAGEN,Passat Alltrack,1968.0,215.0,220.0,7.8,36000.0,5,400.0,Inline,Diesel
VOLKSWAGEN,Polo Gti,1984.0,204.0,238.0,6.7,28000.0,5,320.0,Inline,Petrol
VOLKSWAGEN,Up! Gti,999.0,115.0,196.0,8.8,20000.0,4,200.0,Inline,Petrol
VOLKSWAGEN,T-Cross,999.0,122.5,200.0,10.2,25000.0,5,250.0,Inline,Petrol
VOLKSWAGEN,Id.5,,236.5,180.0,8.4,45000.0,5,310.0,Electric Motor,Electric
VOLKSWAGEN,Id. Buzz Cargo,,204.0,145.0,10.2,55000.0,3,310.0,Electric Motor,Electric
VOLKSWAGEN,Touareg R,2995.0,462.0,250.0,5.1,70000.0,5,700.0,Hybrid (ICE+Electric),Hybrid
VOLKSWAGEN,Multivan,1395.0,184.0,190.0,9.4,50000.0,7,350.0,Hybrid (ICE+Electric),Hybrid
VOLKSWAGEN,Polo Bluemotion,1199.0,85.0,190.0,10.5,22000.0,5,250.0,Inline,Diesel
VOLKSWAGEN,Golf Sportsvan,1498.0,140.0,210.0,8.9,30000.0,5,250.0,Inline,Petrol
VOLKSWAGEN,Golf Alltrack,1968.0,173.5,210.0,7.1,35000.0,5,350.0,Inline,Petrol
VOLKSWAGEN,Scirocco R,1984.0,280.0,250.0,5.5,40000.0,4,350.0,Inline,Petrol
VOLKSWAGEN,Tiguan Allspace,1984.0,207.0,215.0,7.6,35000.0,7,320.0,Inline,Petrol
VOLKSWAGEN,Arteon 4Motion,1984.0,255.0,250.0,5.6,48000.0,5,350.0,Inline,Petrol
VOLKSWAGEN,Id.4 Gtx,,299.0,180.0,6.2,50000.0,5,460.0,Electric Motor,Electric
VOLKSWAGEN,Id.3 Pro,,204.0,160.0,7.3,35000.0,5,310.0,Electric Motor,Electric
VOLKSWAGEN,Golf Variant,1498.0,140.0,220.0,7.5,32000.0,5,320.0,Inline,Petrol
VOLKSWAGEN,Crafter,1968.0,139.5,160.0,13.0,40000.0,3,410.0,Inline,Diesel
VOLKSWAGEN,Lupo,1390.0,67.5,170.0,14.3,15000.0,4,120.0,Inline,Petrol
VOLKSWAGEN,Corrado,2861.0,190.0,235.0,6.4,25000.0,4,245.0,V-type,Petrol
VOLKSWAGEN,Phaeton,2967.0,345.0,250.0,6.1,85000.0,5,560.0,V-type,Petrol
VOLKSWAGEN,Golf Cabriolet,1197.0,157.5,217.0,8.4,30000.0,4,200.0,Inline,Petrol
VOLKSWAGEN,Santana,1498.0,110.0,190.0,12.9,15000.0,5,145.0,Inline,Petrol
VOLKSWAGEN,Polo Vivo,1390.0,95.0,170.0,10.8,14000.0,5,132.0,Inline,Petrol
VOLKSWAGEN,Karmann Ghia,1192.0,47.0,138.0,23.0,25000.0,2,106.0,Inline,Petrol
VOLKSWAGEN,Fox,1198.0,65.0,148.0,17.5,12000.0,5,93.0,Inline,Petrol
VOLKSWAGEN,Vento,1598.0,107.5,186.0,11.7,18000.0,5,153.0,Inline,Petrol
VOLKSWAGEN,Golf Electric,,136.0,140.0,10.4,33000.0,5,290.0,Electric Motor,Electric
VOLKSWAGEN,Bora,1598.0,125.0,200.0,9.4,20000.0,5,220.0,Inline,Petrol
VOLKSWAGEN,Teramont,1984.0,255.5,190.0,8.6,32000.0,7,350.0,V-type,Petrol
VOLKSWAGEN,Taos,1498.0,158.0,193.0,8.4,24000.0,5,250.0,Inline,Petrol
VOLKSWAGEN,Up! Cabriolet,999.0,98.5,160.0,12.4,18000.0,4,95.0,Inline,Petrol
VOLKSWAGEN,T-Roc Cabriolet,999.0,132.5,205.0,9.6,35000.0,4,250.0,Inline,Petrol
VOLKSWAGEN,Passat Cc,1984.0,240.0,240.0,7.3,40000.0,5,280.0,Inline,Petrol
VOLKSWAGEN,Transporter,1968.0,153.0,180.0,12.2,35000.0,9,340.0,Inline,Diesel
VOLKSWAGEN,Amarok V6,2967.0,231.0,191.0,7.9,45000.0,5,580.0,V-type,Diesel
VOLKSWAGEN,Id.2,,170.0,160.0,8.0,25000.0,5,220.0,Electric Motor,Electric
VOLKSWAGEN,Polo Tdi,1390.0,90.0,190.0,9.9,20000.0,5,250.0,Inline,Diesel
VOLKSWAGEN,Golf Gte,1395.0,204.0,222.0,7.6,40000.0,5,350.0,Hybrid (ICE+Electric),Hybrid
VOLKSWAGEN,Touareg V8,3956.0,421.0,250.0,4.9,70000.0,5,770.0,V-type,Petrol
VOLKSWAGEN,Beetle Dune,1395.0,150.0,200.0,7.5,30000.0,4,250.0,Inline,Petrol
VOLKSWAGEN,Passat B8,1498.0,215.0,210.0,8.7,28000.0,5,250.0,Inline,Petrol
VOLKSWAGEN,Id.4 Pro S,,201.0,180.0,7.8,45000.0,5,310.0,Electric Motor,Electric
VOLKSWAGEN,Golf Country,1781.0,98.0,165.0,12.0,25000.0,5,170.0,Inline,Petrol
VOLKSWAGEN,Jetta Gli,1984.0,228.0,250.0,6.5,31000.0,5,350.0,Inline,Petrol
VOLKSWAGEN,Arteon Shooting Brake,1984.0,235.0,250.0,5.6,50000.0,5,420.0,Inline,Petrol
VOLKSWAGEN,T-Cross R-Line,999.0,132.5,200.0,8.5,27000.0,5,250.0,Inline,Petrol
VOLKSWAGEN,Golf R32,3189.0,240.0,250.0,6.2,40000.0,5,320.0,V-type,Petrol
VOLKSWAGEN,Passat B7,1598.0,180.0,220.0,8.5,26000.0,5,280.0,Inline,Petrol
VOLKSWAGEN,Scirocco 16V,1781.0,137.0,220.0,7.1,35000.0,4,230.0,Inline,Petrol
VOLKSWAGEN,Polo Bluemotion,1199.0,85.0,190.0,10.5,20000.0,5,210.0,Inline,Diesel
VOLKSWAGEN,Golf Variant Gtd,1968.0,184.0,230.0,7.5,38000.0,5,380.0,Inline,Diesel
VOLKSWAGEN,Polo Gti R5,1598.0,272.0,200.0,4.1,45000.0,5,400.0,Inline,Petrol
VOLKSWAGEN,Id. Buzz Pro,,204.0,145.0,10.2,60000.0,7,310.0,Electric Motor,Electric
VOLKSWAGEN,Jetta Hybrid,1395.0,170.0,210.0,8.6,28000.0,5,250.0,Electric Motor,Hybrid
VOLKSWAGEN,Golf Variant Alltrack,1968.0,175.0,220.0,7.8,35000.0,5,320.0,Inline,Petrol
VOLKSWAGEN,Volkswagen Xl1,800.0,68.0,160.0,11.9,150000.0,2,140.0,Hybrid (ICE+Electric),Hybrid
VOLKSWAGEN,Golf Tdi,1968.0,167.0,220.0,8.0,28000.0,5,350.0,Inline,Diesel
VOLKSWAGEN,Passat Variant,1498.0,195.0,220.0,8.5,30000.0,5,280.0,Inline,Petrol
VOLKSWAGEN,Polo Gti Clubsport,1984.0,300.0,240.0,6.7,30000.0,5,320.0,Inline,Petrol
VOLKSWAGEN,Id.3 Gtx,,299.0,180.0,6.2,45000.0,5,310.0,Electric Motor,Electric
VOLKSWAGEN,Arteon R-Line,1984.0,235.0,250.0,5.6,50000.0,5,420.0,Inline,Petrol
VOLKSWAGEN,Golf Tgi,1498.0,130.0,220.0,8.8,30000.0,5,200.0,Inline,Petrol
VOLKSWAGEN,Scirocco Gts,1984.0,220.0,246.0,6.5,35000.0,4,350.0,Inline,Petrol
VOLKSWAGEN,Caddy Maxi,1968.0,136.0,180.0,12.0,25000.0,7,250.0,Inline,Diesel
VOLKSWAGEN,Volkswagen Lupo 3L,1199.0,61.0,165.0,14.5,20000.0,4,140.0,Inline,Diesel
VOLKSWAGEN,Polo Beats,999.0,95.0,187.0,9.5,22000.0,5,175.0,Inline,Petrol
VOLKSWAGEN,Passat Hybrid,1395.0,215.0,210.0,7.4,32000.0,5,330.0,Electric Motor,Hybrid
VOLKSWAGEN,Golf Tcr,1984.0,290.0,250.0,5.6,40000.0,5,370.0,Inline,Petrol
VOLKSWAGEN,Tiguan R-Line,1984.0,210.0,250.0,4.9,45000.0,5,420.0,Inline,Petrol
VOLKSWAGEN,Sharan Business,1968.0,167.0,200.0,8.3,35000.0,7,350.0,Inline,Diesel
VOLKSWAGEN,Id. Buzz Cargo Pro,,204.0,145.0,10.2,55000.0,2,310.0,Electric Motor,Electric
VOLKSWAGEN,Arteon 280 Tsi,1984.0,280.0,250.0,5.6,50000.0,5,350.0,Inline,Petrol
VOLKSWAGEN,Jetta Gli 35Th,1984.0,228.0,250.0,6.5,31000.0,5,350.0,Inline,Petrol
VOLKSWAGEN,Beetle Final Edition,1984.0,174.0,205.0,7.0,25000.0,4,250.0,Inline,Petrol
VOLKSWAGEN,Golf Variant Tdi,1968.0,167.0,220.0,7.8,30000.0,5,350.0,Inline,Diesel
VOLKSWAGEN,Golf 4Motion,1968.0,167.0,250.0,4.9,40000.0,5,400.0,Inline,Petrol
VOLKSWAGEN,Jetta Sportwagen,1395.0,148.5,200.0,8.5,27000.0,5,250.0,Inline,Petrol
VOLKSWAGEN,Polo Gti Plus,1984.0,207.0,237.0,6.7,30000.0,5,320.0,Inline,Petrol
VOLKSWAGEN,Touareg V6,2967.0,285.5,235.0,7.5,60000.0,5,450.0,V-type,Petrol
VOLKSWAGEN,Tiguan Ehybrid,1395.0,245.0,200.0,7.5,42000.0,5,400.0,Electric Motor,Hybrid
VOLKSWAGEN,Up! E-Up!,,83.0,130.0,11.9,23000.0,4,210.0,Electric Motor,Electric
VOLKSWAGEN,Amarok V8,3996.0,325.0,210.0,7.4,70000.0,5,580.0,V-type,Diesel
VOLKSWAGEN,Golf R Cabriolet,1984.0,265.0,250.0,5.9,45000.0,4,380.0,Inline,Petrol
VOLKSWAGEN,Passat Alltrack Tdi,1968.0,190.0,220.0,8.0,40000.0,5,400.0,Inline,Diesel
VOLKSWAGEN,Id. Buzz Cargo Ev,,204.0,145.0,10.2,55000.0,2,310.0,Electric Motor,Electric
NISSAN,Versa,1598.0,122.0,180.0,10.4,16700.0,5,154.0,Inline,Petrol
NISSAN,Micra,999.0,100.0,175.0,10.8,15500.0,5,160.0,Inline,Petrol
NISSAN,Patrol Platinum,5552.0,400.0,210.0,7.3,77000.0,7,560.0,V-type,Petrol
NISSAN,Qashqai,1332.0,156.0,195.0,8.9,26000.0,5,260.0,Inline,Petrol
NISSAN,Murano,3498.0,260.0,210.0,7.5,39000.0,5,325.0,V-type,Petrol
NISSAN,Maxima Platinum,3498.0,300.0,220.0,6.2,45000.0,5,353.0,V-type,Petrol
NISSAN,Armada,5552.0,400.0,210.0,6.5,51000.0,8,560.0,V-type,Petrol
NISSAN,Kicks,1598.0,122.0,180.0,10.7,20000.0,5,154.0,Inline,Petrol
NISSAN,X-Trail,1498.0,201.0,200.0,8.0,29000.0,5,305.0,Inline,Hybrid
NISSAN,Z (Fairlady Z),2997.0,400.0,250.0,4.5,40000.0,2,475.0,V-type,Petrol
NISSAN,Almera,999.0,100.0,185.0,10.7,14500.0,5,160.0,Inline,Petrol
NISSAN,Sylphy,1798.0,137.0,190.0,9.6,18000.0,5,174.0,Inline,Petrol
NISSAN,Note,1198.0,109.0,170.0,11.5,16000.0,5,150.0,Hybrid (ICE+Electric),Hybrid
NISSAN,Sunny,1598.0,118.0,180.0,11.0,15000.0,5,156.0,Inline,Petrol
NISSAN,Cube,1798.0,122.0,175.0,10.6,14500.0,5,171.0,Inline,Petrol
NISSAN,Juke,999.0,117.0,180.0,10.4,25000.0,5,180.0,Inline,Petrol
NISSAN,Terrano,1461.0,110.0,168.0,13.5,15500.0,5,248.0,Inline,Diesel
NISSAN,Magnite,999.0,100.0,160.0,13.0,12000.0,5,160.0,Inline,Petrol
NISSAN,Xterra,3954.0,261.0,200.0,7.8,35000.0,7,381.0,V-type,Petrol
NISSAN,Patrol,5552.0,400.0,210.0,7.3,77000.0,7,560.0,V-type,Petrol
NISSAN,Gt-R Nismo,3799.0,600.0,330.0,2.9,220000.0,2,652.0,V-type,Petrol
NISSAN,370Z Roadster,3696.0,332.0,250.0,5.5,41820.0,2,366.0,V-type,Petrol
NISSAN,Ariya,,389.0,200.0,5.1,58950.0,5,600.0,Electric Motor,Electric
NISSAN,Patrol Royale,5552.0,400.0,210.0,6.6,85000.0,7,560.0,V-type,Petrol
NISSAN,Infiniti Qx80*,5552.0,400.0,210.0,6.5,70600.0,7,560.0,V-type,Petrol
NISSAN,Tiida,1598.0,126.0,190.0,10.1,14500.0,5,154.0,Inline,Petrol
NISSAN,Pulsar,1197.0,115.0,190.0,10.7,19000.0,5,190.0,Inline,Petrol
NISSAN,Latio,1498.0,102.0,175.0,11.5,13000.0,5,139.0,Inline,Petrol
NISSAN,Bluebird Sylphy,1997.0,133.0,185.0,10.5,18500.0,5,191.0,Inline,Petrol
NISSAN,March,1198.0,79.0,170.0,13.7,12000.0,5,106.0,Inline,Petrol
NISSAN,Rogue Sport,1997.0,141.0,190.0,9.8,24960.0,5,199.0,Inline,Petrol
NISSAN,X-Trail Hybrid,1997.0,179.0,180.0,9.4,28500.0,5,207.0,Hybrid (ICE+Electric),Hybrid
NISSAN,Pathfinder Rock Creek,3498.0,284.0,190.0,7.4,42820.0,7,351.0,V-type,Petrol
NISSAN,Armada Platinum,5552.0,400.0,210.0,6.5,65300.0,8,560.0,V-type,Petrol
NISSAN,Terrano Xl,1598.0,104.0,165.0,12.5,14000.0,5,145.0,Inline,Petrol
NISSAN,Gt-R50 By Italdesign,3799.0,720.0,315.0,2.5,1100000.0,2,780.0,V-type,Petrol
NISSAN,370Z Nismo,3696.0,350.0,250.0,5.2,45790.0,2,374.0,V-type,Petrol
NISSAN,Ariya E-4Orce,,389.0,200.0,5.1,60000.0,5,600.0,Electric Motor,Electric
NISSAN,Patrol Nismo,5552.0,428.0,210.0,6.5,105000.0,7,560.0,V-type,Petrol
NISSAN,Infiniti Q60*,2997.0,300.0,250.0,5.0,41750.0,4,400.0,V-type,Petrol
NISSAN,Primera,1998.0,140.0,200.0,9.6,20000.0,5,190.0,Inline,Petrol
NISSAN,Skyline,2997.0,400.0,250.0,5.0,50000.0,5,475.0,V-type,Petrol
NISSAN,Cedric,1998.0,150.0,190.0,10.5,22000.0,5,190.0,Inline,Petrol
NISSAN,Gloria,2498.0,210.0,210.0,8.6,30000.0,5,250.0,V-type,Petrol
NISSAN,Stanza,1796.0,120.0,175.0,11.0,18500.0,5,170.0,Inline,Petrol
NISSAN,Patrol Super Safari,4750.0,280.0,190.0,8.2,55000.0,7,451.0,Inline,Petrol
NISSAN,Pathfinder Hybrid,2488.0,250.0,190.0,7.7,42500.0,7,329.0,Hybrid (ICE+Electric),Hybrid
NISSAN,X-Terra Pro-4X,2498.0,190.0,175.0,10.8,40000.0,7,240.0,Inline,Petrol
NISSAN,Rogue Platinum,1497.0,201.0,180.0,8.2,38000.0,5,300.0,Inline,Petrol
NISSAN,Qashqai Tekna,1332.0,158.0,190.0,9.2,36000.0,5,270.0,Hybrid (ICE+Electric),Hybrid
NISSAN,Gt-R V-Spec,3799.0,600.0,330.0,2.8,175000.0,2,652.0,V-type,Petrol
NISSAN,Skyline Nismo,2997.0,420.0,270.0,4.7,55000.0,5,475.0,V-type,Petrol
NISSAN,Ariya Lounge Edition,,389.0,200.0,5.1,63000.0,5,600.0,Electric Motor,Electric
NISSAN,Patrol Titanium,5552.0,428.0,210.0,6.5,98000.0,7,560.0,V-type,Petrol
NISSAN,Infiniti Fx50*,5026.0,390.0,250.0,5.6,61750.0,5,500.0,V-type,Petrol
NISSAN,Avenir,1998.0,140.0,180.0,9.8,20000.0,5,186.0,Inline,Petrol
NISSAN,Wingroad,1798.0,125.0,175.0,10.8,18000.0,5,168.0,Inline,Petrol
NISSAN,Presea,1838.0,115.0,170.0,11.5,17500.0,5,161.0,Inline,Petrol
NISSAN,Leopard,2960.0,210.0,200.0,8.4,32000.0,5,265.0,V-type,Petrol
NISSAN,Sunny Nismo Edition,1598.0,190.0,200.0,7.5,24000.0,5,240.0,Inline,Petrol
NISSAN,Paladin,2438.0,150.0,180.0,10.6,20000.0,5,217.0,Inline,Petrol
NISSAN,Hardbody Suv,2498.0,158.0,175.0,11.0,18500.0,5,225.0,Inline,Petrol
NISSAN,Patrol Desert Edition,5552.0,428.0,210.0,6.5,95000.0,7,560.0,V-type,Petrol
NISSAN,Pathfinder Armada,5552.0,400.0,200.0,6.5,60000.0,7,560.0,V-type,Petrol
NISSAN,Rogue Midnight Edition,1497.0,201.0,180.0,8.2,39000.0,5,300.0,Inline,Petrol
NISSAN,Gt-R Black Edition,3799.0,600.0,330.0,2.8,185000.0,2,652.0,V-type,Petrol
NISSAN,Fairlady Z Heritage,2997.0,400.0,250.0,4.2,48000.0,2,475.0,V-type,Petrol
NISSAN,Skyline Gt-R R34,2568.0,276.0,250.0,5.6,70000.0,4,392.0,Inline,Petrol
NISSAN,Ariya Premiere,,389.0,200.0,5.1,67000.0,5,600.0,Electric Motor,Electric
NISSAN,Infiniti Qx55*,1997.0,268.0,230.0,6.5,50000.0,5,380.0,V-type,Petrol
NISSAN,Nv350 Caravan,2488.0,129.0,155.0,12.5,28000.0,8,356.0,Inline,Diesel
NISSAN,Navara,2298.0,190.0,180.0,10.2,32000.0,5,450.0,Inline,Diesel
NISSAN,Titan Xd,5552.0,400.0,195.0,6.9,55000.0,6,560.0,V-type,Petrol
NISSAN,Evalia,1461.0,85.0,140.0,15.0,25000.0,7,200.0,Inline,Diesel
NISSAN,Cabstar,2488.0,130.0,145.0,14.8,27000.0,3,350.0,Inline,Diesel
NISSAN,Cherry,1397.0,67.0,145.0,14.0,14000.0,5,110.0,Inline,Petrol
NISSAN,Laurel,2825.0,94.0,160.0,12.5,22000.0,5,184.0,Inline,Diesel
NISSAN,Silvia,1998.0,247.0,235.0,5.9,45000.0,4,275.0,Inline,Petrol
NISSAN,Nx Coupe,1998.0,140.0,200.0,9.0,22000.0,4,180.0,Inline,Petrol
NISSAN,Ad Wagon,1498.0,105.0,165.0,12.3,16000.0,5,150.0,Inline,Petrol
NISSAN,Patrol Super Safari Y61,4750.0,280.0,190.0,8.2,58000.0,7,451.0,Inline,Petrol
NISSAN,Pathfinder Rock Creek Edition,3498.0,284.0,195.0,7.2,44000.0,7,351.0,V-type,Petrol
NISSAN,Terrano Ii,2664.0,125.0,160.0,12.9,28000.0,5,278.0,Inline,Diesel
NISSAN,Murano Crosscabriolet,3498.0,260.0,195.0,7.6,47000.0,4,325.0,V-type,Petrol
NISSAN,X-Trail Tekna,1497.0,204.0,190.0,8.0,43000.0,5,305.0,Hybrid (ICE+Electric),Hybrid
NISSAN,Gt-R Lm Nismo,3000.0,500.0,320.0,3.0,600000.0,2,650.0,Hybrid (ICE+Electric),Hybrid
NISSAN,Skyline 400R,2997.0,400.0,250.0,4.5,70000.0,5,475.0,V-type,Petrol
NISSAN,Infiniti G37*,3696.0,328.0,250.0,5.5,42000.0,5,365.0,V-type,Petrol
NISSAN,Patrol Black Edition,5552.0,400.0,200.0,6.5,85000.0,7,560.0,V-type,Petrol
NISSAN,Ariya Empower+,,389.0,200.0,5.1,68000.0,5,600.0,Electric Motor,Electric
NISSAN,Datsun 510 (Classic),1595.0,96.0,175.0,10.2,25000.0,4,135.0,Inline,Petrol
NISSAN,200Sx,1998.0,200.0,240.0,7.2,30000.0,4,265.0,Inline,Petrol
NISSAN,300Zx,2960.0,300.0,250.0,5.9,50000.0,4,384.0,V-type,Petrol
NISSAN,R390 Gt1 Road Car,3495.0,550.0,354.0,3.3,1000000.0,2,637.0,V-type,Petrol
NISSAN,Figaro,987.0,76.0,170.0,12.8,20000.0,4,103.0,Inline,Petrol
NISSAN,Hardbody Truck,2389.0,134.0,160.0,10.6,25000.0,5,206.0,Inline,Petrol
NISSAN,Atlas,2999.0,130.0,130.0,18.0,35000.0,3,300.0,Inline,Diesel
NISSAN,Clipper,659.0,48.0,110.0,18.5,10000.0,4,62.0,Inline,Petrol
NISSAN,Nv200,1998.0,131.0,140.0,14.0,28000.0,7,188.0,Inline,Petrol
NISSAN,Violet,1770.0,85.0,155.0,13.8,18000.0,5,130.0,Inline,Petrol
NISSAN,Bluebird Z,1998.0,140.0,190.0,11.0,23000.0,5,180.0,Inline,Petrol
NISSAN,Stanza Wagon,2389.0,138.0,160.0,12.0,22000.0,7,205.0,Inline,Petrol
NISSAN,180Sx,1998.0,205.0,240.0,6.8,35000.0,4,275.0,Inline,Petrol
NISSAN,Sunny California,1597.0,110.0,170.0,11.0,18000.0,5,140.0,Inline,Petrol
NISSAN,Patrol Warrior,5552.0,428.0,205.0,6.3,95000.0,7,580.0,V-type,Petrol
NISSAN,Pathfinder Armada Platinum,5552.0,400.0,190.0,6.8,70000.0,7,560.0,V-type,Petrol
NISSAN,Rogue Sport Sl,1998.0,141.0,190.0,9.0,32000.0,5,195.0,Inline,Petrol
NISSAN,X-Trail Platinum Edition,1497.0,204.0,190.0,8.0,46000.0,5,305.0,Hybrid (ICE+Electric),Hybrid
NISSAN,Qashqai E-Power,1497.0,187.0,200.0,7.5,40000.0,5,330.0,Hybrid (ICE+Electric),Hybrid
NISSAN,Gt-R Egoist,3799.0,565.0,315.0,2.8,220000.0,2,637.0,V-type,Petrol
NISSAN,Infiniti M45*,4494.0,325.0,250.0,5.8,50000.0,5,451.0,V-type,Petrol
NISSAN,Skyline 50Th Anniversary,2997.0,400.0,250.0,4.5,75000.0,5,475.0,V-type,Petrol
NISSAN,Ariya Dual Motor Awd,,389.0,200.0,5.1,70000.0,5,600.0,Electric Motor,Electric
NISSAN,Patrol Legend Edition,5552.0,428.0,205.0,6.3,95000.0,7,580.0,V-type,Petrol
NISSAN,Datsun 240Z (Classic),2393.0,151.0,210.0,8.0,45000.0,2,198.0,Inline,Petrol
NISSAN,100Nx,1597.0,110.0,185.0,9.6,18000.0,4,135.0,Inline,Petrol
NISSAN,Cedric Special Edition,2960.0,250.0,225.0,8.5,60000.0,5,330.0,V-type,Petrol
NISSAN,300Zx Turbo,2960.0,300.0,250.0,5.9,55000.0,4,384.0,V-type,Petrol
NISSAN,Silvia S15 Spec-R,1998.0,250.0,240.0,5.6,35000.0,4,300.0,Inline,Petrol
NISSAN,Nv400,2298.0,135.0,150.0,15.0,40000.0,3,360.0,Inline,Diesel
NISSAN,Titan Warrior,5552.0,400.0,180.0,7.0,55000.0,5,560.0,V-type,Petrol
NISSAN,Caravan Coach,2498.0,127.0,140.0,14.0,30000.0,7,260.0,Inline,Diesel
NISSAN,Serena E-Power,1198.0,134.0,160.0,12.0,35000.0,7,320.0,Hybrid (ICE+Electric),Hybrid
NISSAN,Elgrand,3498.0,280.0,200.0,8.5,50000.0,7,344.0,V-type,Petrol
NISSAN,Datsun 510,1595.0,96.0,175.0,10.2,25000.0,4,135.0,Inline,Petrol
NISSAN,Prairie,1998.0,120.0,175.0,11.0,18000.0,5,170.0,Inline,Petrol
NISSAN,Pulsar Gti-R,1998.0,230.0,225.0,6.0,30000.0,5,280.0,Inline,Petrol
NISSAN,Almera Tino,1769.0,114.0,180.0,12.5,15000.0,5,160.0,Inline,Petrol
NISSAN,Lucino,1597.0,115.0,185.0,10.5,12000.0,5,150.0,Inline,Petrol
NISSAN,Rasheen,1497.0,105.0,165.0,13.0,10000.0,5,135.0,Inline,Petrol
NISSAN,Mistral,2663.0,125.0,160.0,12.5,25000.0,7,260.0,Inline,Diesel
NISSAN,Patrol Y60,4169.0,155.0,160.0,12.0,45000.0,7,330.0,Inline,Diesel
NISSAN,X-Trail Gt,1998.0,280.0,215.0,6.4,38000.0,5,310.0,Inline,Petrol
NISSAN,Terrano Regulus,3275.0,170.0,175.0,10.0,28000.0,5,290.0,V-type,Petrol
NISSAN,President,4494.0,280.0,210.0,7.5,70000.0,5,400.0,V-type,Petrol
NISSAN,Cima,4130.0,270.0,210.0,8.0,60000.0,5,390.0,V-type,Petrol
NISSAN,Leopard J. Ferie,2960.0,255.0,215.0,6.5,45000.0,5,340.0,V-type,Petrol
NISSAN,Gloria Gran Turismo,2960.0,255.0,220.0,6.5,50000.0,5,340.0,V-type,Petrol
NISSAN,Infiniti Q45*,4494.0,340.0,240.0,6.2,50000.0,5,450.0,V-type,Petrol
NISSAN,Datsun 240Z,2393.0,151.0,210.0,8.0,45000.0,2,198.0,Inline,Petrol
NISSAN,280Zx,2753.0,145.0,205.0,9.5,35000.0,2,210.0,Inline,Petrol
NISSAN,Silvia S13,1809.0,175.0,215.0,6.8,20000.0,4,230.0,Inline,Petrol
NISSAN,200Sx,1998.0,200.0,225.0,7.0,25000.0,4,260.0,Inline,Petrol
NISSAN,Nx Coupe,1839.0,140.0,200.0,9.0,18000.0,4,180.0,Inline,Petrol
NISSAN,Nv2500,3954.0,261.0,160.0,10.0,36000.0,2,385.0,V-type,Petrol
NISSAN,Nv3500,5552.0,375.0,170.0,9.0,42000.0,2,525.0,V-type,Petrol
NISSAN,Nt400 Cabstar,2953.0,150.0,140.0,15.0,35000.0,3,350.0,Inline,Diesel
PORSCHE,Panamera,2894.0,330.0,270.0,5.6,88000.0,4,450.0,V-type,Petrol
PORSCHE,Panamera 4,2894.0,330.0,270.0,5.4,92000.0,4,450.0,V-type,Petrol
PORSCHE,Panamera 4S,2894.0,440.0,289.0,4.4,105000.0,4,550.0,V-type,Petrol
PORSCHE,Panamera Turbo S,3996.0,620.0,315.0,3.1,180000.0,4,820.0,V-type,Petrol
PORSCHE,Panamera Gts,3996.0,473.0,300.0,3.9,130000.0,4,620.0,V-type,Petrol
PORSCHE,Panamera Platinum Edition,2894.0,330.0,270.0,5.4,102000.0,4,450.0,V-type,Petrol
PORSCHE,Panamera E-Hybrid,,455.0,280.0,4.4,115000.0,4,700.0,Electric Motor,Hybrid
PORSCHE,Panamera 4 E-Hybrid Sport Turismo,,455.0,280.0,4.4,120000.0,4,700.0,Electric Motor,Hybrid
PORSCHE,Panamera Turbo S E-Hybrid,,690.0,315.0,3.2,190000.0,4,870.0,Electric Motor,Hybrid
PORSCHE,Panamera 4 Executive,2894.0,330.0,270.0,5.6,95000.0,4,450.0,V-type,Petrol
PORSCHE,Cayenne,2995.0,335.0,245.0,5.9,80000.0,5,450.0,V-type,Petrol
PORSCHE,Cayenne Coupe,2995.0,335.0,245.0,6.0,85000.0,5,450.0,V-type,Petrol
PORSCHE,Cayenne S,2894.0,434.0,265.0,5.0,95000.0,5,550.0,V-type,Petrol
PORSCHE,Cayenne Turbo,3996.0,541.0,286.0,4.0,130000.0,5,770.0,V-type,Petrol
PORSCHE,Cayenne Gts,3996.0,453.0,270.0,4.5,110000.0,5,620.0,V-type,Petrol
PORSCHE,Cayenne Turbo S E-Hybrid,,670.0,295.0,3.6,170000.0,5,900.0,Electric Motor,Hybrid
PORSCHE,Macan,1984.0,261.0,232.0,6.2,60000.0,5,400.0,Inline,Petrol
PORSCHE,Macan S,2894.0,375.0,259.0,4.8,75000.0,5,520.0,V-type,Petrol
PORSCHE,Macan Gts,2894.0,434.0,272.0,4.5,85000.0,5,550.0,V-type,Petrol
PORSCHE,Macan T,1984.0,261.0,232.0,6.2,65000.0,5,400.0,Inline,Petrol
PORSCHE,911 Carrera,2981.0,379.0,293.0,4.2,110000.0,4,450.0,Boxer,Petrol
PORSCHE,911 Carrera S,2981.0,443.0,308.0,3.5,131300.0,4,528.0,Boxer,Petrol
PORSCHE,911 Carrera 4,2981.0,379.0,293.0,4.2,106500.0,4,450.0,Boxer,Petrol
PORSCHE,911 Carrera 4S,2981.0,443.0,306.0,3.4,113300.0,4,528.0,Boxer,Petrol
PORSCHE,911 Targa 4,2981.0,379.0,289.0,4.4,121300.0,4,450.0,Boxer,Petrol
PORSCHE,911 Turbo,3745.0,572.0,320.0,2.7,197200.0,4,750.0,Boxer,Petrol
PORSCHE,911 Turbo S,3745.0,640.0,330.0,2.6,230400.0,4,800.0,Boxer,Petrol
PORSCHE,911 Gt3,3996.0,502.0,318.0,3.4,161100.0,2,469.0,Boxer,Petrol
PORSCHE,911 Gt3 Rs,3996.0,518.0,296.0,3.2,241300.0,2,465.0,Boxer,Petrol
PORSCHE,911 Dakar,2981.0,473.0,240.0,3.4,222000.0,2,570.0,Boxer,Petrol
PORSCHE,Taycan,,402.0,230.0,5.4,86700.0,4,344.0,Electric Motor,Electric
PORSCHE,Taycan 4S,,522.0,250.0,4.0,103800.0,4,640.0,Electric Motor,Electric
PORSCHE,Taycan Turbo,,670.0,260.0,3.2,150900.0,4,850.0,Electric Motor,Electric
PORSCHE,Taycan Turbo S,,750.0,260.0,2.8,185000.0,4,1050.0,Electric Motor,Electric
PORSCHE,Taycan Gts,,590.0,250.0,3.5,132750.0,4,850.0,Electric Motor,Electric
PORSCHE,Taycan Cross Turismo,,469.0,220.0,4.8,97700.0,5,500.0,Electric Motor,Electric
PORSCHE,Taycan Sport Turismo,,509.0,240.0,4.1,104000.0,5,650.0,Electric Motor,Electric
PORSCHE,718 Cayman,1988.0,300.0,275.0,4.9,63400.0,2,380.0,Boxer,Petrol
PORSCHE,718 Cayman S,2497.0,350.0,285.0,4.4,75400.0,2,420.0,Boxer,Petrol
PORSCHE,718 Cayman Gt4,3995.0,414.0,302.0,4.2,100200.0,2,420.0,Boxer,Petrol
PORSCHE,718 Cayman Gt4 Rs,3996.0,493.0,315.0,3.2,141700.0,2,450.0,Boxer,Petrol
PORSCHE,718 Boxster,1988.0,300.0,275.0,4.9,65500.0,2,380.0,Boxer,Petrol
PORSCHE,718 Boxster T,1988.0,300.0,275.0,4.7,69600.0,2,380.0,Boxer,Petrol
PORSCHE,718 Boxster Gts,3995.0,394.0,293.0,4.3,90300.0,2,430.0,Boxer,Petrol
PORSCHE,718 Spyder,3995.0,414.0,301.0,4.1,98300.0,2,420.0,Boxer,Petrol
PORSCHE,Panamera Base,2894.0,325.0,265.0,5.6,92300.0,4,450.0,V-type,Petrol
PORSCHE,Panamera 4 E-Hybrid,2894.0,462.0,280.0,4.4,113300.0,4,700.0,Electric Motor,Hybrid
PORSCHE,Panamera 4 Sport Turismo,2894.0,325.0,265.0,5.5,101400.0,4,450.0,V-type,Petrol
PORSCHE,Panamera Turbo S E-Hybrid Sport Turismo,3996.0,690.0,315.0,3.2,200200.0,4,870.0,Electric Motor,Hybrid
PORSCHE,Panamera 4S E-Hybrid Executive,2894.0,560.0,295.0,3.7,128900.0,4,750.0,Electric Motor,Hybrid
PORSCHE,Panamera Platinum Edition,2894.0,325.0,265.0,5.6,98300.0,4,450.0,V-type,Petrol
PORSCHE,Panamera Gts Sport Turismo,3996.0,473.0,300.0,3.9,136900.0,4,620.0,V-type,Petrol
PORSCHE,Panamera Turbo Executive,3996.0,550.0,306.0,3.8,175200.0,4,770.0,V-type,Petrol
PORSCHE,Panamera Turbo S Exclusive Series,3996.0,570.0,310.0,3.8,290000.0,4,800.0,V-type,Petrol
PORSCHE,Panamera 4S,2894.0,443.0,289.0,4.1,105000.0,4,550.0,V-type,Petrol
PORSCHE,Macan Base,1984.0,265.0,232.0,6.4,58000.0,5,400.0,Inline,Petrol
PORSCHE,Macan T,1984.0,265.0,233.0,6.2,63000.0,5,400.0,Inline,Petrol
PORSCHE,Macan S,2894.0,375.0,259.0,4.6,70400.0,5,520.0,V-type,Petrol
PORSCHE,Macan Gts,2894.0,434.0,272.0,4.3,82900.0,5,550.0,V-type,Petrol
PORSCHE,Macan Ev,,603.0,240.0,4.0,85000.0,5,750.0,Electric Motor,Electric
PORSCHE,Cayenne Base,2995.0,335.0,245.0,5.9,72200.0,5,450.0,V-type,Petrol
PORSCHE,Cayenne E-Hybrid,2995.0,455.0,253.0,4.8,91000.0,5,700.0,Electric Motor,Hybrid
PORSCHE,Cayenne S Coupe,2894.0,434.0,263.0,4.7,94300.0,4,550.0,V-type,Petrol
PORSCHE,Cayenne Turbo Gt,3996.0,631.0,300.0,3.3,182150.0,4,850.0,V-type,Petrol
PORSCHE,Cayenne Platinum Edition,2995.0,335.0,245.0,5.8,79000.0,5,450.0,V-type,Petrol
PORSCHE,Cayenne Turbo S E-Hybrid Coupe,3996.0,670.0,295.0,3.6,167800.0,4,900.0,Electric Motor,Hybrid
PORSCHE,Cayenne Gts Coupe,3996.0,453.0,270.0,4.5,111200.0,4,620.0,V-type,Petrol
PORSCHE,Cayenne Diesel (Regional Markets),2967.0,262.0,221.0,7.3,69000.0,5,580.0,V-type,Diesel
PORSCHE,Cayenne S Hybrid,2995.0,380.0,242.0,6.5,85500.0,5,580.0,Electric Motor,Hybrid
PORSCHE,Cayenne Coupe Turbo E-Hybrid,3996.0,728.0,295.0,3.6,182900.0,4,950.0,Electric Motor,Hybrid
PORSCHE,Taycan Base,,321.0,230.0,5.4,86700.0,4,345.0,Electric Motor,Electric
CADILLAC,Ct4,2000.0,237.0,250.0,6.0,34395.0,5,350.0,Inline,Petrol
CADILLAC,Ct4-V,2700.0,325.0,260.0,4.9,46595.0,5,500.0,Inline,Petrol
CADILLAC,Ct5,2000.0,237.0,240.0,6.6,38195.0,5,350.0,Inline,Petrol
CADILLAC,Ct5-V,3000.0,360.0,250.0,4.6,50995.0,5,550.0,V-type,Petrol
PORSCHE,Taycan Cross Turismo 4,,375.0,240.0,5.1,94800.0,4,500.0,Electric Motor,Electric
PORSCHE,Taycan Cross Turismo Gts,,590.0,250.0,3.8,139400.0,4,620.0,Electric Motor,Electric
PORSCHE,Taycan Sport Turismo Base,,375.0,230.0,5.4,90500.0,4,500.0,Electric Motor,Electric
PORSCHE,Taycan Sport Turismo Gts,,590.0,250.0,3.7,136700.0,4,620.0,Electric Motor,Electric
PORSCHE,Taycan Turbo S Cross Turismo,,750.0,260.0,2.9,190000.0,4,1050.0,Electric Motor,Electric
PORSCHE,911 Carrera Base,2981.0,379.0,293.0,4.2,106100.0,4,450.0,Boxer,Petrol
PORSCHE,911 Carrera S Cabriolet,2981.0,443.0,304.0,3.9,129900.0,4,530.0,Boxer,Petrol
PORSCHE,911 Carrera 4,2981.0,379.0,293.0,4.4,113300.0,4,450.0,Boxer,Petrol
PORSCHE,911 Carrera 4 Gts,2981.0,473.0,311.0,3.3,137000.0,4,570.0,Boxer,Petrol
PORSCHE,911 Targa 4 Gts,2981.0,473.0,307.0,3.5,157300.0,4,570.0,Boxer,Petrol
PORSCHE,911 Turbo Cabriolet,3745.0,572.0,320.0,2.9,184100.0,4,750.0,Boxer,Petrol
PORSCHE,911 Turbo S Coupe,3745.0,640.0,330.0,2.7,207000.0,4,800.0,Boxer,Petrol
PORSCHE,911 Gt3 Touring,3996.0,502.0,318.0,3.9,170000.0,2,470.0,Boxer,Petrol
PORSCHE,911 Gt3 Rs Clubsport,3996.0,525.0,296.0,3.2,223800.0,2,465.0,Boxer,Petrol
PORSCHE,911 Dakar Limited Edition,2981.0,473.0,240.0,3.4,222000.0,4,570.0,Boxer,Petrol
PORSCHE,911 Carrera Gts Lightweight,2981.0,473.0,311.0,3.2,145300.0,4,570.0,Boxer,Petrol
PORSCHE,911 Targa 4 Lightweight,2981.0,379.0,289.0,4.3,135500.0,4,450.0,Boxer,Petrol
PORSCHE,911 Turbo Exclusive Series,3745.0,607.0,330.0,2.9,258000.0,4,750.0,Boxer,Petrol
PORSCHE,911 Gt2 Rs,3745.0,700.0,340.0,2.8,293200.0,2,750.0,Boxer,Petrol
PORSCHE,911 Gt3 Cup,3996.0,510.0,290.0,3.4,245000.0,1,470.0,Boxer,Petrol
PORSCHE,911 Gt4 Rs,3996.0,500.0,315.0,3.4,222000.0,2,450.0,Boxer,Petrol
PORSCHE,911 Rsr (Motorsport Edition),4194.0,515.0,296.0,3.1,750000.0,1,480.0,Boxer,Petrol
PORSCHE,911 Sport Turismo,2981.0,379.0,293.0,4.4,116000.0,4,450.0,Boxer,Petrol
PORSCHE,911 Turbo Cabriolet Lightweight,3745.0,572.0,318.0,3.0,191300.0,4,750.0,Boxer,Petrol
PORSCHE,911 Dakar Sport,2981.0,473.0,240.0,3.5,233000.0,4,570.0,Boxer,Petrol
TATA MOTORS,Tiago,1199.0,86.0,170.0,13.0,8200.0,5,113.0,V-type,Petrol
TATA MOTORS,Tiago Ev,,74.0,120.0,5.7,11000.0,5,114.0,Inline,Electric
TATA MOTORS,Altroz,1199.0,8689.0,170.0,12.0,10400.0,5,156.5,V-type,Mixed Fuel
TATA MOTORS,Altroz Dca,1199.0,86.0,170.0,12.5,11300.0,5,113.0,V-type,Petrol
TATA MOTORS,Altroz Iturbo,1199.0,110.0,180.0,10.0,12000.0,5,140.0,Inline,Petrol
TATA MOTORS,Altroz Cng,1199.0,86.0,165.0,12.0,11800.0,5,113.0,V-type,Petrol
TATA MOTORS,Tiago Nrg,1199.0,86.0,170.0,13.5,9200.0,5,113.0,V-type,Petrol
TATA MOTORS,Nano Genx,624.0,37.0,105.0,29.0,4000.0,4,51.0,Inline,Petrol
TATA MOTORS,Indica Ev2,1396.0,70.0,155.0,16.0,6200.0,5,140.0,Inline,Diesel
TATA MOTORS,Indica V2 Xeta,1193.0,65.0,140.0,16.0,5000.0,5,100.0,Inline,Petrol
TATA MOTORS,Tigor,1199.0,86.0,170.0,13.0,9400.0,5,113.0,V-type,Petrol
TATA MOTORS,Tigor Ev,,74.0,120.0,5.7,14500.0,5,114.0,Inline,Electric
TATA MOTORS,Zest,1248.0,7590.0,165.0,15.0,8700.0,5,190140.0,V-type,Mixed Fuel
TATA MOTORS,Indigo Ecs,1396.0,70.0,155.0,16.5,6500.0,5,140.0,Inline,Diesel
CADILLAC,Escalade,6200.0,420.0,210.0,6.8,79295.0,7,624.0,V-type,Petrol
TATA MOTORS,Indigo Marina,1396.0,7085.0,150.0,17.0,8300.0,5,135115.0,Inline,Mixed Fuel
TATA MOTORS,Manza,1248.0,7590.0,160.0,14.0,9000.0,5,200115.0,Inline,Mixed Fuel
TATA MOTORS,Indigo Lx,1396.0,70.0,150.0,17.0,7000.0,5,140.0,Inline,Diesel
TATA MOTORS,Indigo Glx,1396.0,85.0,160.0,15.0,7200.0,5,115.0,Inline,Petrol
CADILLAC,Escalade Esv,6200.0,420.0,205.0,6.9,82295.0,7,624.0,V-type,Petrol
TATA MOTORS,Nexon,1199.0,118110.0,180.0,10.0,14000.0,5,215.0,Inline,Mixed Fuel
TATA MOTORS,Nexon Ev Max,,143.0,140.0,9.0,25000.0,5,250.0,Inline,Electric
TATA MOTORS,Harrier,1956.0,168.0,180.0,11.0,23000.0,5,350.0,Inline,Diesel
TATA MOTORS,Safari,1956.0,168.0,180.0,11.0,25500.0,7,350.0,Inline,Diesel
TATA MOTORS,Punch,1199.0,86.0,160.0,16.0,10500.0,5,113.0,V-type,Petrol
TATA MOTORS,Hexa,2179.0,154.0,180.0,12.0,20000.0,7,400.0,V-type,Diesel
TATA MOTORS,Aria,2179.0,138.0,162.0,13.0,19000.0,7,320.0,Inline,Diesel
TATA MOTORS,Sumo Gold,2956.0,85.0,125.0,17.6,15000.0,7,250.0,Inline,Diesel
TATA MOTORS,Sumo Grande,2179.0,118.0,140.0,15.0,16500.0,7,250.0,Inline,Diesel
TATA MOTORS,Nexon Ev Prime,,129.0,120.0,9.4,22000.0,5,245.0,Inline,Electric
TESLA,Model S,,670.0,250.0,3.1,88490.0,5,967.0,Electric Motor,Electric
TESLA,Model S Plaid,,1020.0,322.0,2.1,108490.0,5,1400.0,Electric Motor,Electric
TESLA,Model 3,,283.0,225.0,5.8,40240.0,5,420.0,Electric Motor,Electric
TESLA,Model 3 Performance,,450.0,261.0,3.1,53240.0,5,660.0,Electric Motor,Electric
TESLA,Model X,,670.0,250.0,3.8,98490.0,7,967.0,Electric Motor,Electric
TESLA,Model X Plaid,,1020.0,262.0,2.6,113490.0,6,1400.0,Electric Motor,Electric
TESLA,Model Y,,346.0,217.0,5.0,47490.0,5,498.0,Electric Motor,Electric
TESLA,Model Y Long Range,,384.0,217.0,4.8,50490.0,5,559.0,Electric Motor,Electric
TESLA,Cybertruck,,800.0,209.0,2.9,69900.0,6,1355.0,Electric Motor,Electric
TESLA,Roadster 2,,1288.0,402.0,1.9,200000.0,4,10000.0,Electric Motor,Electric
JEEP,Wrangler,3600.0,285.0,180.0,6.8,35195.0,4,353.0,V-type,Petrol
JEEP,Wrangler Rubicon,2000.0,270.0,180.0,7.1,42100.0,4,400.0,Inline,Petrol
JEEP,Grand Cherokee,3600.0,293.0,209.0,7.0,41530.0,5,352.0,V-type,Petrol
JEEP,Grand Cherokee L,3600.0,293.0,209.0,7.2,43530.0,7,352.0,V-type,Petrol
JEEP,Cherokee,2400.0,180.0,195.0,8.5,37695.0,5,230.0,Inline,Petrol
JEEP,Compass,2000.0,200.0,200.0,7.8,31590.0,5,320.0,Inline,Petrol
JEEP,Renegade,1300.0,177.0,200.0,8.7,28345.0,5,285.0,Inline,Petrol
JEEP,Gladiator,3600.0,285.0,177.0,8.1,38775.0,5,353.0,V-type,Petrol
JEEP,Wagoneer,5700.0,392.0,190.0,7.4,63595.0,8,548.0,V-type,Petrol
JEEP,Grand Wagoneer,6400.0,471.0,190.0,6.0,91495.0,8,617.0,V-type,Petrol
JEEP,Grand Cherokee 4Xe,,375.0,210.0,6.0,59865.0,5,637.0,V-type,Hybrid
JEEP,Wrangler 4Xe,,375.0,180.0,6.4,50695.0,5,637.0,V-type,Hybrid
JEEP,Compass 4Xe,,240.0,200.0,7.3,46500.0,5,270.0,V-type,Hybrid
JEEP,Renegade 4Xe,,240.0,200.0,7.5,44500.0,5,270.0,V-type,Hybrid
MAZDA,Mazda2,1500.0,108.0,180.0,10.2,18500.0,5,142.0,Inline,Petrol
JEEP,Wagoneer S (Electric),,600.0,177.0,4.5,80000.0,5,850.0,Electric Motor,Electric
JEEP,Gladiator Mojave Edition,3600.0,285.0,177.0,8.6,51570.0,5,353.0,V-type,Petrol
JEEP,Grand Cherokee Summit Reserve,5700.0,357.0,190.0,7.3,66575.0,5,529.0,V-type,Petrol
JEEP,Jeep Cherokee X Edition,3200.0,271.0,195.0,7.6,41295.0,5,324.0,V-type,Petrol
JEEP,Wrangler 392,6400.0,470.0,160.0,4.5,82495.0,4,637.0,V-type,Petrol
CADILLAC,Xt4,2000.0,235.0,220.0,7.6,37490.0,5,350.0,Inline,Petrol
CADILLAC,Xt5,3600.0,310.0,210.0,6.5,44195.0,5,366.0,V-type,Petrol
CADILLAC,Xt6,3600.0,310.0,210.0,6.9,48595.0,7,366.0,V-type,Petrol
CADILLAC,Lyriq Ev,,340.0,190.0,5.7,58590.0,5,440.0,Electric Motor,Electric
CADILLAC,Escalade V,6200.0,682.0,200.0,4.4,149990.0,7,885.0,V-type,Petrol
CADILLAC,Escalade Platinum,6200.0,420.0,210.0,6.8,104595.0,7,624.0,V-type,Petrol
CADILLAC,Ct5-V Blackwing,6200.0,668.0,320.0,3.4,92000.0,5,893.0,V-type,Petrol
CADILLAC,Ct4-V Blackwing,3600.0,472.0,290.0,3.9,60495.0,5,603.0,V-type,Petrol
CADILLAC,Xt4 Sport,2000.0,235.0,220.0,7.4,41390.0,5,350.0,Inline,Petrol
CADILLAC,Xt5 Sport,3600.0,310.0,210.0,6.5,51095.0,5,366.0,V-type,Petrol
CADILLAC,Xt6 Sport,3600.0,310.0,210.0,6.9,57095.0,7,366.0,V-type,Petrol
CADILLAC,Lyriq Launch Edition,,340.0,190.0,5.7,59990.0,5,440.0,Electric Motor,Electric
CADILLAC,Lyriq Ev Premium,,500.0,210.0,4.5,64990.0,5,620.0,Electric Motor,Electric
CADILLAC,Ct5 Premium Luxury,2000.0,237.0,240.0,6.8,41290.0,5,350.0,Inline,Petrol
CHEVROLET,Spark,1400.0,98.0,180.0,10.7,14595.0,5,127.0,Inline,Petrol
CHEVROLET,Sonic,1400.0,138.0,190.0,8.5,16720.0,5,200.0,Inline,Petrol
CHEVROLET,Malibu,1500.0,160.0,210.0,8.0,25000.0,5,250.0,Inline,Petrol
CHEVROLET,Camaro,2000.0,275.0,240.0,5.4,26400.0,4,400.0,Inline,Petrol
CHEVROLET,Corvette,6200.0,495.0,312.0,3.0,65895.0,2,637.0,V-type,Petrol
CHEVROLET,Traverse,3600.0,310.0,210.0,7.0,35915.0,7,360.0,V-type,Petrol
CHEVROLET,Equinox,1500.0,170.0,200.0,8.9,26600.0,5,275.0,Inline,Petrol
CHEVROLET,Blazer,3600.0,308.0,220.0,6.6,44000.0,5,366.0,V-type,Petrol
CHEVROLET,Tahoe,5300.0,355.0,200.0,7.5,56995.0,7,519.0,V-type,Petrol
CHEVROLET,Suburban,5300.0,355.0,190.0,7.6,59900.0,8,519.0,V-type,Petrol
CHEVROLET,Colorado,2700.0,310.0,190.0,6.8,30695.0,5,583.0,Inline,Petrol
CHEVROLET,Silverado 1500,5300.0,355.0,180.0,7.0,42795.0,6,519.0,V-type,Petrol
CHEVROLET,Silverado 2500Hd,6600.0,401.0,170.0,8.0,41500.0,6,629.0,V-type,Petrol
CHEVROLET,Silverado 3500Hd,6600.0,445.0,160.0,8.5,45500.0,6,1234.0,V-type,Diesel
CHEVROLET,Bolt Ev,,200.0,150.0,6.5,27495.0,5,360.0,Electric Motor,Electric
CHEVROLET,Bolt Euv,,200.0,150.0,7.0,28795.0,5,360.0,Electric Motor,Electric
CHEVROLET,Trailblazer,1300.0,155.0,200.0,9.4,23100.0,5,236.0,Inline,Petrol
CHEVROLET,Malibu Premier,2000.0,250.0,240.0,5.8,33500.0,5,353.0,Inline,Petrol
CHEVROLET,Camaro Zl1,6200.0,650.0,318.0,3.5,67300.0,4,881.0,V-type,Petrol
CHEVROLET,Corvette Stingray,6200.0,495.0,312.0,3.0,65895.0,2,637.0,V-type,Petrol
CHEVROLET,Silverado 1500 High Country,5300.0,355.0,180.0,7.0,61595.0,6,519.0,V-type,Petrol
CHEVROLET,Silverado 1500 Trail Boss,5300.0,355.0,180.0,7.0,55895.0,6,519.0,V-type,Petrol
CHEVROLET,Silverado 1500 Rst,5300.0,355.0,180.0,7.1,50895.0,6,519.0,V-type,Petrol
CHEVROLET,Colorado Zr2,2800.0,181.0,160.0,9.1,48295.0,5,500.0,Inline,Diesel
CHEVROLET,Traverse Premier,3600.0,310.0,210.0,7.0,46600.0,7,360.0,V-type,Petrol
CHEVROLET,Equinox Premier,1500.0,170.0,200.0,8.8,33400.0,5,275.0,Inline,Petrol
CHEVROLET,Blazer Rs,3600.0,308.0,220.0,6.6,48900.0,5,366.0,V-type,Petrol
CHEVROLET,Bolt Ev 2Lt,,200.0,150.0,6.7,28795.0,5,360.0,Electric Motor,Electric
CHEVROLET,Camaro Ss,6200.0,455.0,290.0,4.3,43500.0,4,617.0,V-type,Petrol
CHEVROLET,Corvette Grand Sport,6200.0,460.0,290.0,3.9,65900.0,2,630.0,V-type,Petrol
CHEVROLET,Traverse Rs,3600.0,310.0,210.0,7.0,43700.0,7,360.0,V-type,Petrol
CHEVROLET,Blazer Premier,3600.0,308.0,220.0,6.6,45000.0,5,366.0,V-type,Petrol
CHEVROLET,Malibu Lt,1500.0,160.0,210.0,8.5,25800.0,5,250.0,Inline,Petrol
CHEVROLET,Spark Activ,1400.0,98.0,180.0,11.0,17595.0,5,127.0,Inline,Petrol
CHEVROLET,Trax Lt,1200.0,137.0,200.0,9.2,24100.0,5,220.0,Inline,Petrol
CHEVROLET,Equinox Lt,1500.0,170.0,200.0,8.9,28400.0,5,275.0,Inline,Petrol
CHEVROLET,Silverado 3500Hd High Country,6600.0,445.0,160.0,8.5,75700.0,6,1234.0,V-type,Diesel
CHEVROLET,Colorado Wt,2700.0,310.0,190.0,6.9,29200.0,5,583.0,Inline,Petrol
CHEVROLET,Suburban High Country,6200.0,420.0,200.0,7.0,82400.0,8,624.0,V-type,Petrol
CHEVROLET,Silverado Custom,4300.0,285.0,180.0,8.5,33900.0,6,413.0,V-type,Petrol
CHEVROLET,Spark Ls,1400.0,98.0,180.0,10.9,14395.0,5,127.0,Inline,Petrol
CHEVROLET,Traverse Lt,3600.0,310.0,210.0,7.1,37200.0,7,360.0,V-type,Petrol
CHEVROLET,Blazer Lt,2500.0,193.0,200.0,9.0,36100.0,5,255.0,Inline,Petrol
CHEVROLET,Malibu Premier,2000.0,250.0,240.0,5.8,34500.0,5,353.0,Inline,Petrol
CHEVROLET,Equinox Rs,1500.0,170.0,200.0,8.8,31900.0,5,275.0,Inline,Petrol
CHEVROLET,Silverado 1500 Custom,4300.0,285.0,180.0,8.6,34900.0,6,413.0,V-type,Petrol
CHEVROLET,Silverado 2500Hd Ltz,6600.0,445.0,160.0,8.4,56400.0,6,1234.0,V-type,Diesel
CHEVROLET,Tahoe Rst,5300.0,355.0,180.0,7.4,64100.0,7,519.0,V-type,Petrol
CHEVROLET,Suburban Lt,5300.0,355.0,180.0,5.1,64400.0,8,519.0,V-type,Petrol
CHEVROLET,Bolt Ev Premier,,200.0,150.0,6.5,31700.0,5,360.0,Electric Motor,Electric
CHEVROLET,Tahoe Ls,5300.0,355.0,180.0,7.5,56995.0,8,519.0,V-type,Petrol
CHEVROLET,Tahoe Lt,5300.0,355.0,180.0,7.4,62495.0,8,519.0,V-type,Petrol
CHEVROLET,Tahoe Z71,5300.0,355.0,180.0,7.6,66700.0,7,519.0,V-type,Petrol
CHEVROLET,Tahoe Premier,6200.0,420.0,200.0,6.8,71600.0,7,624.0,V-type,Petrol
CHEVROLET,Tahoe High Country,6200.0,420.0,200.0,6.7,76700.0,7,624.0,V-type,Petrol
CHEVROLET,Tahoe Midnight Edition,5300.0,355.0,180.0,7.5,65500.0,8,519.0,V-type,Petrol
CHEVROLET,Tahoe Sport Edition,6200.0,420.0,200.0,6.8,70000.0,7,624.0,V-type,Petrol
GMC,Terrain,1500.0,175.0,190.0,9.5,29900.0,5,275.0,Inline,Petrol
GMC,Acadia,2000.0,228.0,200.0,7.8,36800.0,7,350.0,Inline,Petrol
GMC,Yukon,5300.0,355.0,180.0,7.4,57400.0,8,519.0,V-type,Petrol
GMC,Yukon Xl,6200.0,420.0,200.0,6.9,61100.0,8,624.0,V-type,Petrol
GMC,Canyon,2700.0,310.0,190.0,7.6,36900.0,5,583.0,Inline,Petrol
GMC,Sierra 1500,5300.0,355.0,180.0,7.3,37100.0,6,519.0,V-type,Petrol
GMC,Sierra 2500Hd,6600.0,401.0,175.0,7.5,43900.0,6,629.0,V-type,Diesel
GMC,Sierra 3500Hd,6600.0,445.0,175.0,7.4,49000.0,6,1234.0,V-type,Diesel
GMC,Hummer Ev Pickup,,625.0,170.0,3.0,108700.0,5,1000.0,Electric Motor,Electric
GMC,Hummer Ev Suv,,625.0,170.0,3.5,105600.0,5,1000.0,Electric Motor,Electric
GMC,Yukon Denali,6200.0,420.0,200.0,6.8,72800.0,8,624.0,V-type,Petrol
GMC,Sierra Denali,6200.0,420.0,190.0,6.7,66800.0,6,624.0,V-type,Petrol
GMC,Terrain At4,1500.0,175.0,190.0,9.6,36500.0,5,275.0,Inline,Petrol
GMC,Acadia At4,3600.0,310.0,210.0,7.6,41400.0,6,366.0,V-type,Petrol
GMC,Sierra 1500 At4,5300.0,355.0,180.0,7.4,53800.0,6,519.0,V-type,Petrol
GMC,Sierra 2500Hd Denali,6600.0,401.0,175.0,7.5,72200.0,6,1234.0,V-type,Diesel
GMC,Sierra Elevation,2700.0,310.0,190.0,7.6,45000.0,5,583.0,Inline,Petrol
GMC,Canyon At4,2700.0,310.0,190.0,7.5,43900.0,5,583.0,Inline,Petrol
GMC,Canyon Denali,2700.0,310.0,190.0,7.5,48000.0,5,583.0,Inline,Petrol
GMC,Yukon Xl Denali Ultimate,6200.0,420.0,200.0,6.7,93800.0,8,624.0,V-type,Petrol
GMC,Terrain Denali,1500.0,175.0,190.0,9.5,38600.0,5,275.0,Inline,Petrol
GMC,Acadia Denali,3564.0,310.0,210.0,6.5,54300.0,7,366.0,V-type,Petrol
GMC,Yukon At4,5327.0,355.0,210.0,7.1,71505.0,8,519.0,V-type,Petrol
GMC,Yukon Xl At4,5327.0,355.0,210.0,7.3,73305.0,8,519.0,V-type,Petrol
GMC,Sierra 1500 Elevation,2713.0,310.0,180.0,7.0,52000.0,5,569.0,Inline,Petrol
GMC,Sierra 1500 Slt,5327.0,355.0,180.0,6.8,56000.0,5,519.0,V-type,Petrol
GMC,Sierra 2500Hd At4,6600.0,401.0,170.0,7.5,70000.0,5,629.0,V-type,Petrol
GMC,Sierra 3500Hd At4,6600.0,401.0,170.0,7.7,72000.0,5,629.0,V-type,Petrol
GMC,Canyon Elevation,2488.0,200.0,175.0,8.5,36300.0,5,259.0,Inline,Petrol
GMC,Canyon Denali Black Edition,3564.0,308.0,180.0,6.9,44000.0,5,373.0,V-type,Petrol
GMC,Sierra 1500 Denali Ultimate,6162.0,420.0,200.0,5.8,80000.0,5,624.0,V-type,Petrol
GMC,Yukon Xl Denali Reserve,6162.0,420.0,210.0,6.0,82000.0,7,624.0,V-type,Petrol
GMC,Terrain Elevation Edition,1490.0,170.0,200.0,9.3,28700.0,5,275.0,Inline,Petrol
GMC,Acadia Black Edition,3564.0,310.0,210.0,6.5,45000.0,7,366.0,V-type,Petrol
GMC,Hummer Ev Suv Edition 1,,830.0,170.0,3.5,96550.0,5,15590.0,Electric Motor,Electric
GMC,Hummer Ev Pickup Edition 1,,1000.0,170.0,3.0,96550.0,5,15590.0,Electric Motor,Electric
GMC,Sierra Denali Carbonpro,6162.0,420.0,200.0,5.8,65000.0,5,624.0,V-type,Petrol
GMC,Yukon Denali Performance,6162.0,420.0,210.0,6.0,76805.0,8,624.0,V-type,Petrol
GMC,Sierra 2500Hd Denali Black Edition,6600.0,401.0,170.0,7.5,75000.0,5,629.0,V-type,Petrol
GMC,Canyon At4X,3564.0,308.0,180.0,6.9,50000.0,5,373.0,V-type,Petrol
GMC,Yukon Xl Slt,5327.0,355.0,210.0,7.3,65000.0,8,519.0,V-type,Petrol
GMC,Sierra 1500 Pro,4300.0,285.0,180.0,7.5,37700.0,3,413.0,V-type,Petrol
GMC,Sierra 2500Hd Pro,6600.0,401.0,170.0,7.7,60000.0,3,629.0,V-type,Petrol
GMC,Sierra 3500Hd Pro,6600.0,401.0,170.0,7.8,62000.0,3,629.0,V-type,Petrol
GMC,Terrain Slt,1490.0,170.0,200.0,9.4,31000.0,5,275.0,Inline,Petrol
GMC,Acadia Sle,3564.0,310.0,210.0,6.6,40000.0,7,366.0,V-type,Petrol
GMC,Canyon Slt,2488.0,200.0,175.0,8.6,38000.0,5,259.0,Inline,Petrol
GMC,Yukon Xl Elevation,5327.0,355.0,210.0,7.4,75000.0,8,519.0,V-type,Petrol
GMC,Sierra 1500 At4X,6162.0,420.0,200.0,5.9,82000.0,5,624.0,V-type,Petrol
GMC,Hummer Ev Suv Extreme Off-Road,,830.0,170.0,3.6,110000.0,5,15590.0,Electric Motor,Electric
GMC,Sierra Ev Denali,,754.0,170.0,4.5,108700.0,5,1064.0,Electric Motor,Electric
GMC,Hummer Ev Omega Edition,,1000.0,170.0,3.0,112700.0,5,15590.0,Electric Motor,Electric
GMC,Canyon At4X Edition 1,3564.0,308.0,180.0,6.8,55000.0,5,373.0,V-type,Petrol
GMC,Yukon Denali Ultimate Black,6162.0,420.0,210.0,6.0,90000.0,8,624.0,V-type,Petrol
GMC,Sierra Hd Denali Reserve,6600.0,401.0,170.0,7.5,85000.0,5,629.0,V-type,Petrol
GMC,Acadia Denali Ultimate,3564.0,310.0,210.0,6.5,60000.0,7,366.0,V-type,Petrol
GMC,Terrain All-Terrain Edition,1490.0,170.0,200.0,9.3,35000.0,5,275.0,Inline,Petrol
GMC,Yukon Trailering Edition,5327.0,355.0,210.0,7.5,78000.0,8,519.0,V-type,Petrol
GMC,Hummer Ev Adventure Series,,830.0,170.0,3.6,105000.0,5,15590.0,Electric Motor,Electric
KIA,Rio,1591.0,120.0,180.0,10.3,17000.0,5,151.0,Inline,Petrol
KIA,Rio 5-Door,1591.0,120.0,180.0,10.3,18000.0,5,151.0,Inline,Petrol
KIA,Seltos Nightfall Edition,1591.0,175.0,210.0,7.5,28000.0,5,264.0,Inline,Petrol
PEUGEOT,508 Pse (Peugeot Sport Engineered),1599.0,360.0,250.0,5.2,55000.0,5,520.0,Electric Motor,Hybrid
KIA,Sorento X-Line,2500.0,277.0,220.0,7.0,42000.0,7,421.0,Inline,Petrol
KIA,Telluride Sx,3778.0,291.0,240.0,7.0,50000.0,7,355.0,V-type,Petrol
KIA,Forte Lxs,1999.0,147.0,190.0,9.2,19000.0,5,179.0,Inline,Petrol
KIA,K5 Ex,1591.0,180.0,220.0,7.8,28500.0,5,264.0,Inline,Petrol
KIA,Niro Plug-In Hybrid,1591.0,139.0,180.0,10.5,33000.0,5,265.0,Hybrid (ICE+Electric),Hybrid
KIA,Ev6 Wind,,225.0,190.0,5.2,50000.0,5,350.0,Electric Motor,Electric
KIA,Soul Turbo,1591.0,201.0,200.0,6.5,28000.0,5,264.0,Inline,Petrol
KIA,Seltos Sx,1591.0,175.0,210.0,7.5,28500.0,5,264.0,Inline,Petrol
KIA,Stinger Scorpion Edition,2500.0,300.0,270.0,5.0,55000.0,5,422.0,Inline,Petrol
KIA,Sorento Hybrid Sx Prestige,1591.0,227.0,200.0,7.9,47000.0,7,352.0,Hybrid (ICE+Electric),Hybrid
KIA,Carnival Ex,3500.0,290.0,220.0,8.0,42500.0,8,355.0,V-type,Petrol
KIA,Telluride Nightfall Edition,3778.0,291.0,240.0,7.0,51000.0,7,355.0,V-type,Petrol
PEUGEOT,508 Plug-In Hybrid,1598.0,225.0,210.0,7.5,44000.0,5,360.0,Electric Motor,Hybrid
KIA,Ev6 First Edition,,320.0,230.0,5.0,58000.0,5,450.0,Electric Motor,Electric
KIA,Niro Touring,1591.0,139.0,180.0,10.5,33000.0,5,265.0,Hybrid (ICE+Electric),Hybrid
KIA,Forte Gt-Line,1591.0,201.0,200.0,6.5,25000.0,5,264.0,Inline,Petrol
KIA,Seltos Ex,1999.0,146.0,190.0,9.0,23500.0,5,179.0,Inline,Petrol
PEUGEOT,3008 Plug-In Hybrid,1598.0,225.0,210.0,7.0,42000.0,5,360.0,Electric Motor,Hybrid
KIA,Sorento Lx,2500.0,191.0,210.0,8.5,35500.0,7,246.0,Inline,Petrol
KIA,Telluride Ex,3778.0,291.0,240.0,7.0,44000.0,7,355.0,V-type,Petrol
KIA,Soul Ex,1999.0,147.0,190.0,9.5,22000.0,5,179.0,Inline,Petrol
KIA,Forte Fe,1999.0,147.0,190.0,9.2,18500.0,5,179.0,Inline,Petrol
KIA,K5 Gt-Line,1591.0,180.0,220.0,7.8,29000.0,5,264.0,Inline,Petrol
KIA,Carnival Lxs,3500.0,290.0,220.0,8.0,39500.0,8,355.0,V-type,Petrol
KIA,Ev6 Light,,225.0,190.0,5.2,46000.0,5,350.0,Electric Motor,Electric
KIA,Niro Ex,1591.0,139.0,180.0,10.5,30000.0,5,265.0,Hybrid (ICE+Electric),Hybrid
KIA,Stinger Gt,3300.0,365.0,270.0,4.7,51500.0,5,510.0,V-type,Petrol
KIA,Sorento Sx Prestige,1591.0,227.0,200.0,7.9,48000.0,7,352.0,Hybrid (ICE+Electric),Hybrid
KIA,Telluride Sx Prestige,3778.0,291.0,240.0,7.0,52000.0,7,355.0,V-type,Petrol
PEUGEOT,508 Hybrid4,1598.0,300.0,235.0,6.0,47000.0,5,520.0,Electric Motor,Hybrid
KIA,Ev6 Gt Performance,,577.0,260.0,3.5,65000.0,5,740.0,Electric Motor,Electric
KIA,Niro Sx Touring,1591.0,139.0,180.0,10.5,34500.0,5,265.0,Hybrid (ICE+Electric),Hybrid
KIA,Carnival Sx Prestige,3500.0,290.0,220.0,8.0,47000.0,8,355.0,V-type,Petrol
KIA,Seltos Sx Turbo,1591.0,175.0,210.0,7.5,32000.0,5,264.0,Inline,Petrol
KIA,Forte Ex Premium,1999.0,147.0,190.0,9.2,22500.0,5,179.0,Inline,Petrol
KIA,Soul Ex Designer Edition,1999.0,147.0,190.0,9.5,23500.0,5,179.0,Inline,Petrol
KIA,Rio S,1591.0,120.0,180.0,10.3,17500.0,5,151.0,Inline,Petrol
KIA,Rio 5-Door S,1591.0,120.0,180.0,10.3,18000.0,5,151.0,Inline,Petrol
KIA,Soul S,1999.0,147.0,190.0,9.5,20500.0,5,179.0,Inline,Petrol
KIA,Seltos Lx,1999.0,146.0,190.0,9.2,23000.0,5,179.0,Inline,Petrol
PEUGEOT,3008 Hybrid4,1599.0,300.0,235.0,6.0,45000.0,5,520.0,Electric Motor,Hybrid
KIA,Sorento Hybrid Ex,1591.0,227.0,200.0,7.9,47000.0,7,352.0,Hybrid (ICE+Electric),Hybrid
KIA,Telluride Lx,3778.0,291.0,240.0,7.0,41500.0,7,355.0,V-type,Petrol
KIA,Carnival Mpv Ex,3500.0,290.0,220.0,8.0,43500.0,8,355.0,V-type,Petrol
KIA,Ev6 Awd Gt-Line,,320.0,230.0,5.0,60000.0,5,450.0,Electric Motor,Electric
KIA,Forte Gt Turbo,1591.0,201.0,200.0,6.5,25500.0,5,264.0,Inline,Petrol
KIA,Soul Gt Designer Edition,1999.0,147.0,190.0,9.5,23000.0,5,179.0,Inline,Petrol
KIA,Seltos X-Line Turbo,1591.0,175.0,210.0,7.5,30000.0,5,264.0,Inline,Petrol
PEUGEOT,E-2008 Gt,,136.0,200.0,8.5,40000.0,5,260.0,Electric Motor,Electric
KIA,Telluride Limited Edition,3778.0,291.0,240.0,7.0,53000.0,7,355.0,V-type,Petrol
KIA,Stinger Gt-Line,2500.0,300.0,270.0,5.0,50000.0,5,422.0,Inline,Petrol
KIA,Carnival Special Edition,3500.0,290.0,220.0,8.0,45500.0,8,355.0,V-type,Petrol
KIA,Niro Sx Hybrid,1591.0,139.0,180.0,10.5,36000.0,5,265.0,Hybrid (ICE+Electric),Hybrid
KIA,Ev6 First Edition Awd,,320.0,230.0,5.0,62000.0,5,450.0,Electric Motor,Electric
KIA,Sorento X-Pro Hybrid,1591.0,227.0,200.0,7.8,49000.0,7,352.0,Hybrid (ICE+Electric),Hybrid
KIA,Forte Limited Edition,1999.0,147.0,190.0,9.2,22500.0,5,179.0,Inline,Petrol
BUGATTI,Chiron,7993.0,1500.0,420.0,2.5,3000000.0,2,1600.0,W-type,Petrol
BUGATTI,Chiron Pur Sport,7993.0,1500.0,350.0,2.3,3300000.0,2,1600.0,W-type,Petrol
BUGATTI,Chiron Super Sport,7993.0,1600.0,490.0,2.4,3500000.0,2,1600.0,W-type,Petrol
BUGATTI,Chiron Sport,7993.0,1500.0,420.0,2.4,3300000.0,2,1600.0,W-type,Petrol
BUGATTI,Chiron Noire,7993.0,1500.0,420.0,2.5,3300000.0,2,1600.0,W-type,Petrol
BUGATTI,Divo,7993.0,1500.0,380.0,2.4,5800000.0,2,1600.0,W-type,Petrol
BUGATTI,Centodieci,7993.0,1600.0,380.0,2.4,9000000.0,2,1600.0,W-type,Petrol
BUGATTI,La Voiture Noire,7993.0,1500.0,420.0,2.5,18000000.0,2,1600.0,W-type,Petrol
BUGATTI,Bolide,7993.0,1850.0,500.0,2.2,4500000.0,2,1600.0,W-type,Petrol
BUGATTI,Mistral,7993.0,1600.0,420.0,2.4,5000000.0,2,1600.0,W-type,Petrol
VOLVO,Volvo Fh,13000.0,540.0,120.0,15.0,120000.0,2,2600.0,Inline,Diesel
VOLVO,Volvo Fh16,16100.0,750.0,120.0,14.5,160000.0,2,3500.0,Inline,Diesel
VOLVO,Volvo Fm,12800.0,460.0,110.0,16.0,100000.0,2,2200.0,Inline,Diesel
VOLVO,Volvo Fmx,13000.0,500.0,110.0,16.5,110000.0,2,2500.0,Inline,Diesel
VOLVO,Volvo Vnl,12800.0,500.0,120.0,15.0,125000.0,2,2400.0,Inline,Diesel
VOLVO,Volvo Vnr,12800.0,400.0,110.0,17.0,95000.0,2,1800.0,Inline,Diesel
VOLVO,Volvo Vhd,12800.0,500.0,100.0,18.0,120000.0,2,2500.0,Inline,Diesel
VOLVO,Volvo Fe,7700.0,280.0,90.0,20.0,85000.0,2,1200.0,Inline,Diesel
VOLVO,Volvo Fl,5100.0,180.0,80.0,22.0,75000.0,2,800.0,Inline,Diesel
JAGUAR LAND ROVER,Jaguar F-Type,2995.0,335.0,260.0,5.1,70000.0,2,450.0,V-type,Petrol
JAGUAR LAND ROVER,Jaguar Xe,1999.0,250.0,250.0,6.5,45000.0,5,365.0,Inline,Petrol
JAGUAR LAND ROVER,Jaguar Xf,1999.0,250.0,250.0,6.5,50000.0,5,365.0,Inline,Petrol
JAGUAR LAND ROVER,Jaguar Xj,2995.0,300.0,250.0,6.0,85000.0,5,400.0,V-type,Petrol
JAGUAR LAND ROVER,Jaguar E-Pace,1999.0,200.0,230.0,7.0,50000.0,5,430.0,Inline,Petrol
JAGUAR LAND ROVER,Jaguar I-Pace,,400.0,200.0,4.8,70000.0,5,696.0,Electric Motor,Electric
JAGUAR LAND ROVER,Jaguar F-Pace,1999.0,250340.0,230.0,7.2,5500065000.0,5,365480.0,V-type,Petrol
JAGUAR LAND ROVER,Jaguar X-Type,1998.0,160.0,215.0,9.0,40000.0,5,215.0,Inline,Petrol
JAGUAR LAND ROVER,Jaguar F-Pace R-Dynamic,1999.0,340.0,250.0,5.4,65000.0,5,480.0,V-type,Petrol
JAGUAR LAND ROVER,Jaguar Xe R-Dynamic,1999.0,340.0,250.0,5.4,60000.0,5,450.0,Inline,Petrol
JAGUAR LAND ROVER,Jaguar F-Type Svr,5000.0,575.0,320.0,3.7,120000.0,2,700.0,V-type,Petrol
JAGUAR LAND ROVER,Jaguar I-Pace Electric Performance,,400.0,200.0,4.5,85000.0,5,696.0,Electric Motor,Electric
JAGUAR LAND ROVER,Jaguar F-Pace Svr,5000.0,550.0,283.0,4.0,85000.0,5,700.0,V-type,Petrol
JAGUAR LAND ROVER,Jaguar Xe S,1999.0,340.0,250.0,5.3,55000.0,5,450.0,Inline,Petrol
JAGUAR LAND ROVER,Jaguar Xf R-Dynamic,1999.0,340.0,250.0,5.4,65000.0,5,480.0,V-type,Petrol
JAGUAR LAND ROVER,Jaguar Xj Lwb (Long Wheelbase),2995.0,300.0,250.0,6.0,90000.0,5,400.0,V-type,Petrol
JAGUAR LAND ROVER,Jaguar F-Type Heritage Edition,5000.0,550.0,300.0,3.9,110000.0,2,680.0,V-type,Petrol
JAGUAR LAND ROVER,Jaguar E-Pace S,1999.0,200.0,230.0,7.0,50000.0,5,430.0,Inline,Petrol
JAGUAR LAND ROVER,Jaguar I-Pace Hse,,400.0,200.0,4.5,90000.0,5,696.0,Electric Motor,Electric
JAGUAR LAND ROVER,Jaguar F-Type V8 R,5000.0,550.0,300.0,3.9,100000.0,2,680.0,V-type,Petrol
JAGUAR LAND ROVER,Jaguar F-Type R-Dynamic,1999.0,300.0,250.0,5.1,70000.0,2,400.0,V-type,Petrol
JAGUAR LAND ROVER,Jaguar Xe P300 R-Dynamic,1999.0,300.0,250.0,5.5,55000.0,5,400.0,Inline,Petrol
JAGUAR LAND ROVER,Jaguar Xf Sportbrake,1999.0,250.0,250.0,6.5,60000.0,5,400.0,V-type,Petrol
JAGUAR LAND ROVER,Jaguar I-Pace Ev400 Hse,,400.0,200.0,4.5,85000.0,5,696.0,Electric Motor,Electric
JAGUAR LAND ROVER,Jaguar F-Pace S 30T Awd,1999.0,247.0,225.0,6.4,60000.0,5,365.0,Inline,Petrol
JAGUAR LAND ROVER,Jaguar E-Pace R-Dynamic,1999.0,246.0,230.0,6.8,55000.0,5,430.0,Inline,Petrol
JAGUAR LAND ROVER,Jaguar Xj50,2995.0,300.0,250.0,6.0,80000.0,5,400.0,V-type,Petrol
JAGUAR LAND ROVER,Jaguar F-Type 75Th Anniversary Edition,5000.0,550.0,300.0,3.9,100000.0,2,680.0,V-type,Petrol
JAGUAR LAND ROVER,Jaguar F-Pace S Awd,1999.0,340.0,250.0,5.4,65000.0,5,480.0,V-type,Petrol
JAGUAR LAND ROVER,Jaguar Xe Se,1999.0,250.0,240.0,6.2,50000.0,5,365.0,Inline,Petrol
JAGUAR LAND ROVER,Jaguar F-Type V6 S Convertible,2995.0,380.0,280.0,4.8,80000.0,2,460.0,V-type,Petrol
JAGUAR LAND ROVER,Jaguar Xe R-Sport Awd,1999.0,300.0,250.0,5.5,55000.0,5,400.0,V-type,Petrol
JAGUAR LAND ROVER,Jaguar Xf Portfolio Awd,1999.0,340.0,250.0,5.4,60000.0,5,450.0,V-type,Petrol
JAGUAR LAND ROVER,Jaguar F-Type Coupe R,5000.0,550.0,300.0,3.9,100000.0,2,680.0,V-type,Petrol
JAGUAR LAND ROVER,Jaguar I-Pace First Edition,,400.0,200.0,4.5,85000.0,5,696.0,Electric Motor,Electric
JAGUAR LAND ROVER,Jaguar F-Pace Prestige Awd,1999.0,340.0,250.0,5.4,65000.0,5,480.0,V-type,Petrol
JAGUAR LAND ROVER,Jaguar Xj Supercharged,5000.0,510.0,280.0,4.2,90000.0,5,625.0,V-type,Petrol
JAGUAR LAND ROVER,Jaguar F-Type P450 Awd,5000.0,450.0,290.0,4.0,90000.0,2,600.0,V-type,Petrol
JAGUAR LAND ROVER,Jaguar F-Pace P400E Plug-In Hybrid,1999.0,398.0,220.0,5.1,75000.0,5,640.0,Electric Motor,Hybrid
JAGUAR LAND ROVER,Jaguar F-Type P300 Coupe,1999.0,300.0,250.0,5.5,60000.0,2,400.0,Inline,Petrol
ACURA,Nsx Type S,3493.0,600.0,307.0,2.9,157000.0,2,666.0,Hybrid (ICE+Electric),Hybrid
ACURA,Tlx Pmc Edition,3500.0,290.0,250.0,5.7,62000.0,5,362.0,V-type,Petrol
ACURA,Mdx Advance,3500.0,290.0,190.0,6.0,60000.0,7,362.0,V-type,Petrol
ACURA,Rdx Technology,1500.0,272.0,210.0,6.6,45000.0,5,400.0,Inline,Petrol
ACURA,Ilx Premium,2400.0,201.0,200.0,6.6,30000.0,5,180.0,Inline,Petrol
ACURA,Tlx A-Spec,3500.0,290.0,250.0,5.7,50000.0,5,362.0,V-type,Petrol
ACURA,Rdx Sh-Awd,1500.0,272.0,210.0,6.6,50000.0,5,400.0,Inline,Petrol
ACURA,Mdx Sh-Awd,3500.0,290.0,190.0,6.0,55000.0,7,362.0,V-type,Petrol
ACURA,Rdx Platinum Elite,1500.0,272.0,210.0,6.6,55000.0,5,400.0,Inline,Petrol
ACURA,Tlx A-Spec Sedan,3500.0,290.0,250.0,5.7,50000.0,5,362.0,V-type,Petrol
ACURA,Tlx 2.4L,2400.0,206.0,210.0,6.0,35000.0,5,247.0,Inline,Petrol
ACURA,Mdx Hybrid,3500.0,321.0,190.0,6.0,55000.0,7,335.0,Hybrid (ICE+Electric),Hybrid
ACURA,Rdx Hybrid,1500.0,247.0,210.0,6.6,50000.0,5,400.0,Hybrid (ICE+Electric),Hybrid
ACURA,Ilx Technology Package,2400.0,201.0,200.0,6.6,30000.0,5,180.0,Inline,Petrol
ACURA,Nsx Gt3 (Track Version),3493.0,500.0,300.0,3.0,150000.0,2,600.0,Hybrid (ICE+Electric),Hybrid
ACURA,Rdx Turbo Awd,1500.0,272.0,210.0,6.6,45000.0,5,400.0,Inline,Petrol
ACURA,Tlx 3.5L V6,3500.0,290.0,250.0,5.7,50000.0,5,362.0,V-type,Petrol
ACURA,Ilx Special Edition,2400.0,201.0,200.0,6.6,30000.0,5,180.0,Inline,Petrol
ACURA,Mdx Sh-Awd W/Technology Package,3500.0,290.0,190.0,6.0,55000.0,7,362.0,V-type,Petrol
ACURA,Nsx 3.5L Hybrid Coupe,3493.0,537.0,307.0,2.9,157000.0,2,666.0,Hybrid (ICE+Electric),Hybrid
ACURA,Mdx Elite,3500.0,290.0,190.0,6.0,58000.0,7,362.0,V-type,Petrol
ACURA,Tlx V6 Advance,3500.0,290.0,250.0,5.7,46000.0,5,362.0,V-type,Petrol
ACURA,Nsx Carbon Edition,3493.0,537.0,307.0,2.9,157000.0,2,666.0,Hybrid (ICE+Electric),Hybrid
ACURA,Rdx Turbo Sh-Awd,1500.0,272.0,210.0,6.6,42000.0,5,400.0,Inline,Petrol
ACURA,Ilx Technology Plus,2400.0,201.0,200.0,6.6,28000.0,5,180.0,Inline,Petrol
ACURA,Tlx Type S Pmc Edition,3000.0,355.0,250.0,5.1,54000.0,5,480.0,V-type,Petrol
ACURA,Mdx Sport Hybrid,3500.0,321.0,190.0,6.0,52000.0,7,335.0,Hybrid (ICE+Electric),Hybrid
PEUGEOT,208,1199.0,82.0,180.0,10.5,22000.0,5,160.0,Inline,Petrol
PEUGEOT,2008,1199.0,100.0,190.0,9.0,25000.0,5,205.0,Inline,Petrol
PEUGEOT,301,1598.0,115.0,185.0,10.0,23500.0,5,150.0,Inline,Petrol
PEUGEOT,308,1598.0,130.0,200.0,8.0,28000.0,5,230.0,Inline,Petrol
PEUGEOT,3008,1598.0,180.0,210.0,7.5,32000.0,5,400.0,Inline,Petrol
PEUGEOT,5008,1998.0,165.0,200.0,9.5,35000.0,7,400.0,Inline,Diesel
PEUGEOT,508,1998.0,180.0,235.0,8.0,35500.0,5,300.0,Inline,Petrol
PEUGEOT,Partner,1560.0,75.0,160.0,12.0,22500.0,5,200.0,Inline,Diesel
PEUGEOT,Expert,1997.0,120.0,180.0,10.0,30000.0,3,300.0,Inline,Diesel
PEUGEOT,Boxer,2200.0,140.0,160.0,11.0,32000.0,3,340.0,Inline,Diesel
PEUGEOT,E-208,,136.0,150.0,8.1,35000.0,5,260.0,Electric Motor,Electric
PEUGEOT,E-2008,,136.0,150.0,8.5,38000.0,5,260.0,Electric Motor,Electric
PEUGEOT,208 Gti,1598.0,208.0,230.0,6.5,28000.0,5,300.0,Inline,Petrol
PEUGEOT,308 Gti,1598.0,270.0,250.0,6.0,35000.0,5,330.0,Inline,Petrol
PEUGEOT,508 Pse (Peugeot Sport Engineered),1598.0,360.0,250.0,5.2,55000.0,5,520.0,Hybrid (ICE+Electric),Hybrid
PEUGEOT,308 Allure,1199.0,130.0,205.0,9.3,25000.0,5,230.0,Inline,Petrol
PEUGEOT,2008 Allure,1199.0,130.0,200.0,9.7,27000.0,5,230.0,Inline,Petrol
PEUGEOT,3008 Allure,1499.0,180.0,210.0,8.0,30000.0,5,250.0,Inline,Petrol
PEUGEOT,5008 Allure,1499.0,180.0,200.0,8.5,33000.0,7,250.0,Inline,Petrol
PEUGEOT,508 Allure,1499.0,180.0,225.0,8.0,35000.0,5,250.0,Inline,Petrol
PEUGEOT,3008 Gt,1598.0,200.0,220.0,7.5,35000.0,5,280.0,Inline,Petrol
PEUGEOT,508 Gt,1598.0,225.0,235.0,6.8,40000.0,5,300.0,Inline,Petrol
PEUGEOT,3008 Gt Hybrid,1598.0,300.0,235.0,6.0,45000.0,5,400.0,Hybrid (ICE+Electric),Hybrid
PEUGEOT,5008 Gt Hybrid,1598.0,300.0,210.0,6.5,48000.0,7,400.0,Hybrid (ICE+Electric),Hybrid
PEUGEOT,208 Allure Premium,1199.0,130.0,200.0,9.5,28000.0,5,230.0,Inline,Petrol
PEUGEOT,Partner Tepee,1560.0,100.0,170.0,12.0,25000.0,5,260.0,Inline,Diesel
PEUGEOT,Expert L2H1,1997.0,120.0,160.0,13.0,30000.0,3,320.0,Inline,Diesel
PEUGEOT,Boxer L2H2,2200.0,130.0,140.0,14.0,35000.0,3,350.0,Inline,Diesel
PEUGEOT,Partner Electric,,136.0,130.0,9.0,40000.0,5,260.0,Electric Motor,Electric
PEUGEOT,Expert Electric,,136.0,130.0,9.5,45000.0,5,260.0,Electric Motor,Electric
PEUGEOT,208 Pse (Peugeot Sport Engineered),1598.0,225.0,250.0,5.5,45000.0,5,360.0,Hybrid (ICE+Electric),Hybrid
PEUGEOT,308 Pse,1598.0,360.0,250.0,5.0,55000.0,5,520.0,Hybrid (ICE+Electric),Hybrid
PEUGEOT,508 Pse,1598.0,360.0,250.0,5.2,60000.0,5,520.0,Hybrid (ICE+Electric),Hybrid
PEUGEOT,3008 Pse,1598.0,300.0,235.0,6.0,50000.0,5,400.0,Hybrid (ICE+Electric),Hybrid
PEUGEOT,2008 Active,1199.0,100.0,190.0,11.2,22000.0,5,205.0,Inline,Petrol
PEUGEOT,3008 Active,1499.0,130.0,200.0,10.0,30000.0,5,240.0,Inline,Petrol
PEUGEOT,5008 Active,1499.0,130.0,190.0,10.5,33000.0,7,240.0,Inline,Petrol
PEUGEOT,3008 Allure Premium,1499.0,130.0,200.0,9.8,32000.0,5,240.0,Inline,Petrol
PEUGEOT,5008 Allure Premium,1499.0,130.0,190.0,10.2,35000.0,7,240.0,Inline,Petrol
PEUGEOT,3008 Gt Line,1598.0,180.0,210.0,8.5,35000.0,5,250.0,Inline,Petrol
PEUGEOT,5008 Gt Line,1598.0,180.0,200.0,9.0,38000.0,7,250.0,Inline,Petrol
PEUGEOT,2008 Gt,1199.0,130.0,200.0,9.3,25000.0,5,230.0,Inline,Petrol
PEUGEOT,5008 Gt,1598.0,180.0,210.0,8.2,40000.0,7,250.0,Inline,Petrol
PEUGEOT,508 Sw (Station Wagon),1598.0,180.0,220.0,8.4,35000.0,5,300.0,Inline,Petrol
PEUGEOT,508 Saloon,1598.0,180.0,210.0,8.6,37000.0,5,300.0,Inline,Petrol
PEUGEOT,308 Saloon,1199.0,130.0,200.0,9.0,28000.0,5,230.0,Inline,Petrol
PEUGEOT,301 Sedan,1199.0,82.0,180.0,12.0,20000.0,5,115.0,Inline,Petrol
PEUGEOT,208 Sedan,1199.0,100.0,190.0,11.2,22000.0,5,205.0,Inline,Petrol
FORD,Fusion (Mondeo),,205.0,220.0,7.5,32500.0,5,300.0,Hybrid (ICE+Electric),Hybrid
FORD,Taurus,,282.5,220.0,6.5,37500.0,5,400.0,V-type,Petrol
FORD,Fiesta,,142.5,200.0,7.0,20000.0,5,210.0,Inline,Petrol
FORD,Focus,,210.0,220.0,6.5,25000.0,5,275.0,Inline,Petrol
FORD,Ecosport,,144.5,180.0,9.0,22500.0,5,185.0,Inline,Petrol
FORD,Escape (Kuga),,190.5,190.0,7.5,31500.0,5,215.0,Hybrid (ICE+Electric),Hybrid
FORD,Edge,,292.5,200.0,6.5,40000.0,5,437.5,V-type,Petrol
FORD,Explorer,,350.0,200.0,6.0,45000.0,7,460.0,V-type,Petrol
FORD,Expedition,,387.5,180.0,6.5,62500.0,8,725.0,V-type,Petrol
FORD,Bronco,,292.5,200.0,7.5,42500.0,4,500.0,V-type,Petrol
FORD,Bronco Sport,,215.5,185.0,7.0,32000.0,5,312.5,Inline,Petrol
FORD,F-150,,370.0,200.0,,55000.0,5,550.0,V-type,Mixed Fuel
FORD,F-250 Super Duty,,430.0,180.0,,55000.0,5,875.0,V-type,Mixed Fuel
FORD,F-350 Super Duty,,462.5,180.0,,60000.0,5,1125.0,V-type,Diesel
FORD,Maverick,,220.5,180.0,,26000.0,5,315.0,Hybrid (ICE+Electric),Hybrid
FORD,Ranger,,297.5,180.0,,35000.0,5,470.0,V-type,Mixed Fuel
FORD,Mustang Mach-E,,385.0,180.0,3.5,52000.0,5,430.0,Electric Motor,Electric
FORD,F-150 Lightning,,452.0,180.0,4.5,65000.0,5,1051.0,Electric Motor,Electric
FORD,Escape Hybrid,2500.0,200.0,180.0,7.7,33000.0,5,210.0,Electric Motor,Hybrid
FORD,Explorer Hybrid,3300.0,318.0,180.0,7.5,52500.0,7,500.0,Electric Motor,Hybrid
FORD,Mustang,5000.0,450.0,250.0,4.3,55000.0,4,530.0,V-type,Petrol
FORD,Gt,3500.0,660.0,348.0,3.0,500000.0,2,746.0,V-type,Petrol
FORD,Focus St,2300.0,280.0,250.0,5.7,30000.0,5,420.0,Inline,Petrol
FORD,Fiesta St,1500.0,200.0,230.0,6.5,23000.0,5,290.0,Inline,Petrol
FORD,Bronco Raptor,3000.0,400.0,220.0,5.5,70000.0,4,583.0,V-type,Petrol
FORD,Ranger Raptor,2700.0,392.0,200.0,6.0,45000.0,5,583.0,V-type,Petrol
FORD,F-150 Raptor,3500.0,450.0,200.0,5.0,70000.0,5,691.0,V-type,Petrol
FORD,Puma,1000.0,123.0,191.0,9.6,28000.0,5,200.0,Inline,Petrol
FORD,Territory,1500.0,140.0,180.0,11.0,32000.0,5,225.0,Inline,Petrol
FORD,Everest,2000.0,210.0,190.0,10.5,52000.0,7,500.0,Inline,Diesel
FORD,Flex,3500.0,287.0,200.0,7.9,31000.0,7,345.0,V-type,Petrol
FORD,Transit,2000.0,170.0,160.0,12.0,43455.0,215,405.0,Inline,Diesel
FORD,Transit Connect,2000.0,162.0,175.0,10.5,29365.0,27,200.0,Inline,Petrol
FORD,F-450 Super Duty,6700.0,475.0,165.0,8.5,61625.0,26,1424.0,V-type,Diesel
FORD,F-550 Super Duty,6700.0,475.0,165.0,8.8,64540.0,26,1424.0,V-type,Diesel
FORD,Mustang Shelby Gt500,5200.0,760.0,290.0,3.5,79420.0,2,847.0,V-type,Petrol
FORD,Mustang Shelby Gt350,5200.0,526.0,280.0,4.0,59140.0,2,582.0,V-type,Petrol
FORD,F-150 Platinum,3500.0,400.0,180.0,6.5,64695.0,5,678.0,V-type,Petrol
FORD,F-150 Limited,3500.0,450.0,190.0,6.1,84910.0,5,678.0,V-type,Petrol
FORD,Explorer Platinum,3000.0,400.0,230.0,6.0,56505.0,7,563.0,V-type,Petrol
FORD,Expedition King Ranch,3500.0,440.0,210.0,6.8,79560.0,78,691.0,V-type,Petrol
FORD,Transit Custom,2000.0,130.0,160.0,12.5,35000.0,29,385.0,Inline,Diesel
FORD,E-Series Cutaway,7300.0,350.0,140.0,13.0,36000.0,2,569.0,V-type,Petrol
FORD,Transit Chassis Cab,2000.0,170.0,160.0,11.5,37000.0,2,405.0,Inline,Diesel
FORD,Transit Electric (E-Transit),,266.0,140.0,9.0,52000.0,212,430.0,Electric Motor,Electric
FORD,Explorer Plug-In Hybrid,3000.0,457.0,225.0,6.0,53000.0,7,825.0,Electric Motor,Hybrid
FORD,Maverick Hybrid,2500.0,191.0,180.0,7.8,25000.0,5,210.0,Hybrid (ICE+Electric),Hybrid
FORD,Mustang (2024),5000.0,450.0,250.0,4.5,60000.0,4,570.0,V-type,Petrol
FORD,Ranger (2024),2000.0,210.0,180.0,8.0,40000.0,5,500.0,Inline,Diesel
FORD,Escape Plug-In Hybrid (2024),2500.0,221.0,190.0,7.5,38000.0,5,210.0,Hybrid (ICE+Electric),Hybrid
FORD,Bronco (2024),2700.0,310.0,200.0,6.7,45000.0,5,542.0,V-type,Petrol
FORD,Explorer (2024),3000.0,400.0,230.0,5.9,55000.0,7,563.0,V-type,Petrol
MITSUBISHI,Mirage,1200.0,78.0,170.0,12.0,17000.0,5,100.0,V-type,Petrol
MITSUBISHI,Mirage G4,1200.0,78.0,170.0,12.0,18000.0,5,100.0,V-type,Petrol
MITSUBISHI,Outlander,2500.0,181.0,190.0,9.5,31500.0,7,245.0,Inline,Petrol
MITSUBISHI,Outlander Phev,2400.0,248.0,170.0,10.5,41000.0,5,300.0,Hybrid (ICE+Electric),Hybrid
MITSUBISHI,Eclipse Cross,1500.0,152.0,180.0,9.8,26500.0,5,250.0,Inline,Petrol
MITSUBISHI,Asx (Outlander Sport),2000.0,148.0,190.0,10.0,24500.0,5,197.0,V-type,Petrol
MITSUBISHI,Pajero,3200.0,189.0,180.0,10.5,42500.0,7,441.0,Inline,Diesel
MITSUBISHI,Pajero Sport,2400.0,181.0,180.0,11.0,37500.0,7,430.0,Inline,Diesel
MITSUBISHI,Triton (L200),2400.0,181.0,177.0,10.5,30000.0,5,430.0,Inline,Diesel
MITSUBISHI,Lancer Evolution X,2000.0,291.0,240.0,5.0,45000.0,5,407.0,Inline,Petrol
MITSUBISHI,I-Miev (Electric),,66.0,130.0,15.0,24500.0,4,196.0,Electric Motor,Electric
MITSUBISHI,Xpander,1500.0,105.0,170.0,13.5,22500.0,7,141.0,V-type,Petrol
MITSUBISHI,Delica D:5,2200.0,145.0,175.0,11.0,37500.0,7,360.0,Inline,Diesel
MITSUBISHI,Colt,,112.5,180.0,,17500.0,5,140.0,V-type,Petrol
MITSUBISHI,Grandis,2400.0,165.0,190.0,11.0,27500.0,7,217.0,V-type,Petrol
MITSUBISHI,Outlander Black Edition,2500.0,181.0,190.0,9.5,33500.0,7,245.0,Inline,Petrol
MITSUBISHI,Outlander Sel,2500.0,181.0,190.0,9.5,32500.0,7,245.0,Inline,Petrol
MITSUBISHI,Outlander Se,2500.0,181.0,190.0,9.5,30500.0,7,245.0,Inline,Petrol
MITSUBISHI,Eclipse Cross Black Edition,1500.0,152.0,180.0,9.8,29000.0,5,250.0,Inline,Petrol
MITSUBISHI,Asx Exceed,2000.0,148.0,190.0,10.0,27000.0,5,197.0,V-type,Petrol
MITSUBISHI,Triton Athlete,2400.0,181.0,177.0,10.5,31000.0,5,430.0,Inline,Diesel
MITSUBISHI,Pajero Final Edition,3200.0,189.0,180.0,10.5,47500.0,7,441.0,Inline,Diesel
MITSUBISHI,L200 Barbarian X,2400.0,181.0,177.0,10.5,32500.0,5,430.0,Inline,Diesel
MITSUBISHI,Space Star,1200.0,78.0,170.0,12.0,16000.0,5,100.0,V-type,Petrol
MITSUBISHI,Lancer Ex,,132.5,200.0,10.0,22500.0,5,175.5,V-type,Petrol
MITSUBISHI,Montero Sport,2400.0,181.0,180.0,11.0,37500.0,7,430.0,Inline,Diesel
MITSUBISHI,Attrage,1200.0,78.0,170.0,12.5,16000.0,5,100.0,V-type,Petrol
MITSUBISHI,Rvr Se,2000.0,148.0,190.0,10.5,24000.0,5,197.0,V-type,Petrol
MITSUBISHI,Delica Van,,145.0,175.0,11.5,32500.0,7,360.0,Inline,Diesel
MITSUBISHI,Canter (Truck),3000.0,150.0,120.0,,40000.0,2,370.0,Inline,Diesel
MITSUBISHI,Lancer Glx,1600.0,115.0,190.0,11.5,18500.0,5,154.0,V-type,Petrol
MITSUBISHI,Pajero Gls,3200.0,189.0,180.0,10.5,47500.0,7,441.0,Inline,Diesel
MITSUBISHI,Xpander Cross,1500.0,105.0,170.0,12.0,22500.0,7,141.0,V-type,Petrol
MITSUBISHI,Eclipse Cross Phev,2400.0,188.0,180.0,10.5,37500.0,5,199.0,V-type,Hybrid
MITSUBISHI,Outlander Es,2500.0,181.0,190.0,9.5,29000.0,7,245.0,Inline,Petrol
MITSUBISHI,Montero Glx,2400.0,181.0,180.0,11.0,37500.0,7,430.0,Inline,Diesel
MITSUBISHI,Triton Glx-R,2400.0,181.0,177.0,10.5,31000.0,5,430.0,Inline,Diesel
MITSUBISHI,Asx Dynamic,2000.0,148.0,190.0,10.0,26500.0,5,197.0,V-type,Petrol
MITSUBISHI,Mirage Es,1200.0,78.0,170.0,12.5,16000.0,5,100.0,V-type,Petrol
MITSUBISHI,Outlander Le,2500.0,181.0,190.0,9.5,32500.0,7,245.0,Inline,Petrol
MITSUBISHI,Fuso Fighter (Truck),7500.0,240.0,120.0,,80000.0,2,686.0,Inline,Diesel
MITSUBISHI,Fuso Canter Eco Hybrid,3000.0,150.0,120.0,,55000.0,2,370.0,Hybrid (ICE+Electric),Hybrid
MITSUBISHI,Space Runner,1800.0,140.0,185.0,10.5,21500.0,5,170.0,V-type,Petrol
MITSUBISHI,Toppo Bj,660.0,52.0,130.0,15.0,11000.0,4,60.0,Inline,Petrol
MITSUBISHI,Chariot,2000.0,140.0,185.0,10.5,21500.0,7,170.0,V-type,Petrol
MITSUBISHI,Lancer Se Limited,2000.0,148.0,200.0,10.0,22500.0,5,197.0,V-type,Petrol
MITSUBISHI,Pajero Swb (Short Wheel Base),3200.0,189.0,180.0,10.5,47500.0,5,441.0,Inline,Diesel
MITSUBISHI,Delica Space Gear,2400.0,145.0,170.0,13.0,32500.0,7,206.0,Inline,Petrol
MITSUBISHI,I (Kei Car),660.0,64.0,130.0,15.5,13500.0,4,94.0,Inline,Petrol
MITSUBISHI,Dion,2000.0,135.0,180.0,11.5,16500.0,7,181.0,Inline,Petrol
MITSUBISHI,Airtrek,2400.0,160.0,190.0,11.0,22500.0,5,214.0,Inline,Petrol
MITSUBISHI,Ek Space,660.0,52.0,130.0,15.0,11000.0,4,60.0,Inline,Petrol
MITSUBISHI,Ek X,660.0,64.0,140.0,13.5,13500.0,4,94.0,Inline,Petrol
MITSUBISHI,Colt Czc Convertible,1500.0,147.0,200.0,9.5,27500.0,4,210.0,Inline,Petrol
MITSUBISHI,Galant Fortis,2000.0,154.0,200.0,10.0,20000.0,5,200.0,V-type,Petrol
MITSUBISHI,Endeavor,3800.0,225.0,190.0,9.5,31500.0,5,343.0,V-type,Petrol
MITSUBISHI,Grand Lancer,1800.0,138.0,190.0,11.5,22500.0,5,173.0,V-type,Petrol
MITSUBISHI,Sigma,3000.0,210.0,220.0,8.5,37500.0,5,270.0,V-type,Petrol
MITSUBISHI,Town Box,660.0,48.0,120.0,16.0,11000.0,4,60.0,Inline,Petrol
MITSUBISHI,Minicab Miev,,64.0,100.0,,19000.0,2,196.0,Electric Motor,Electric
MAZDA,Mazda3,2000.0,155.0,200.0,8.9,24000.0,5,213.0,V-type,Petrol
MAZDA,Mazda3 Hatchback,2500.0,186.0,210.0,8.3,26000.0,5,252.0,V-type,Petrol
MAZDA,Mazda6,2500.0,250.0,240.0,6.4,31000.0,5,420.0,Inline,Petrol
MAZDA,Cx-3,2000.0,146.0,180.0,9.5,23000.0,5,197.0,V-type,Petrol
MAZDA,Cx-30,2500.0,186.0,204.0,8.7,25500.0,5,252.0,V-type,Petrol
MAZDA,Cx-5,2500.0,187.0,200.0,8.8,29000.0,5,252.0,V-type,Petrol
MAZDA,Cx-50,2500.0,256.0,220.0,6.9,32500.0,5,434.0,Inline,Petrol
MAZDA,Cx-8,2200.0,187.0,200.0,9.2,39000.0,7,450.0,Inline,Diesel
MAZDA,Cx-9,2500.0,250.0,210.0,7.2,41500.0,7,420.0,Inline,Petrol
MAZDA,Cx-90,3300.0,340.0,240.0,6.2,55000.0,7,500.0,Inline,Petrol
MAZDA,Mx-5 Miata,2000.0,181.0,225.0,6.5,30000.0,2,205.0,V-type,Petrol
MAZDA,Mx-5 Miata Rf,2000.0,181.0,225.0,6.5,36500.0,2,205.0,V-type,Petrol
MAZDA,Mx-30 Electric,,143.0,140.0,9.7,35000.0,5,271.0,Electric Motor,Electric
MAZDA,Cx-4,2000.0,158.0,190.0,9.6,25000.0,5,202.0,V-type,Petrol
MAZDA,Cx-7,2300.0,244.0,210.0,7.9,30500.0,5,350.0,Inline,Petrol
MAZDA,Tribute,3000.0,200.0,190.0,9.0,27000.0,5,270.0,V-type,Petrol
MAZDA,B-Series Pickup,2500.0,143.0,170.0,11.5,22500.0,5,330.0,Inline,Diesel
MAZDA,Bt-50,3200.0,200.0,180.0,10.0,31000.0,5,470.0,Inline,Diesel
MAZDA,Rx-7,1300.0,276.0,250.0,5.5,40000.0,4,314.0,W-type,Petrol
MAZDA,Rx-3,1200.0,110.0,180.0,8.9,17500.0,4,145.0,Inline,Petrol
MAZDA,Rx-Vision Concept,,400.0,300.0,,,2,,Inline,Hybrid
MAZDA,323F,1600.0,105.0,180.0,10.5,16000.0,5,145.0,Inline,Petrol
MAZDA,Familia Sedan,1500.0,100.0,175.0,11.0,14000.0,5,135.0,Inline,Petrol
MAZDA,Premacy,2000.0,138.0,190.0,9.8,21000.0,7,180.0,Inline,Petrol
MAZDA,Demio,1500.0,108.0,180.0,10.2,15500.0,5,142.0,V-type,Petrol
MAZDA,Millenia,2300.0,210.0,215.0,8.2,27500.0,5,280.0,V-type,Petrol
MAZDA,Eunos Cosmo,2000.0,280.0,240.0,6.0,45000.0,4,300.0,W-type,Petrol
MAZDA,Atenza,2500.0,192.0,210.0,8.5,25000.0,5,252.0,V-type,Petrol
MAZDA,Roadpacer Ap,1300.0,130.0,170.0,11.5,22500.0,5,165.0,Inline,Petrol
MAZDA,626,2000.0,140.0,190.0,9.5,20000.0,5,180.0,Inline,Petrol
MAZDA,929,3000.0,205.0,220.0,8.0,27500.0,5,270.0,V-type,Petrol
MAZDA,Luce,1800.0,135.0,180.0,10.5,17500.0,5,170.0,Inline,Petrol
MAZDA,Capella,1600.0,110.0,175.0,11.2,16000.0,5,145.0,Inline,Petrol
MAZDA,Carol,660.0,63.0,140.0,15.5,10500.0,4,90.0,Inline,Petrol
MAZDA,Autozam Az-1,657.0,63.0,140.0,11.0,15000.0,2,85.0,Inline,Petrol
MAZDA,Spiano,660.0,54.0,130.0,16.0,9000.0,4,80.0,Inline,Petrol
MAZDA,Verisa,1500.0,113.0,170.0,11.0,16000.0,5,140.0,Inline,Petrol
MAZDA,Mx-6,2500.0,164.0,210.0,8.8,21000.0,4,215.0,V-type,Petrol
MAZDA,Mpv,3000.0,200.0,185.0,9.5,27500.0,7,265.0,V-type,Petrol
MAZDA,Proceed Marvie,2600.0,120.0,160.0,12.0,22500.0,5,200.0,Inline,Petrol
MAZDA,Sentia,3000.0,200.0,200.0,9.0,25000.0,5,265.0,V-type,Petrol
MAZDA,Cronos,2500.0,160.0,190.0,8.5,20000.0,5,210.0,V-type,Petrol
MAZDA,Scrum,660.0,63.0,130.0,15.0,10000.0,4,85.0,Inline,Petrol
MAZDA,Parkway,1800.0,115.0,160.0,12.5,22500.0,5,155.0,Inline,Petrol
MAZDA,Titan (Truck),3000.0,130.0,120.0,15.0,27500.0,2,300.0,Inline,Diesel
MAZDA,Cx-60,2500.0,187.0,200.0,8.5,42500.0,5,250.0,Inline,Mixed Fuel
MAZDA,Cx-80,3000.0,250.0,210.0,7.5,47500.0,7,400.0,Inline,Petrol
MAZDA,T1500,1500.0,75.0,120.0,18.0,16500.0,2,105.0,Inline,Petrol
MAZDA,Bongo Van,2000.0,100.0,160.0,14.0,20000.0,3,140.0,Inline,Mixed Fuel
MAZDA,Bongo Friendee,2500.0,115.0,160.0,12.5,22000.0,7,160.0,Inline,Mixed Fuel
MAZDA,Revue,1300.0,75.0,130.0,15.5,11000.0,5,110.0,Inline,Petrol
MAZDA,Proteg,1800.0,125.0,185.0,9.0,16500.0,5,170.0,Inline,Petrol
MAZDA,Xedos 6,2500.0,170.0,215.0,8.5,27500.0,5,230.0,V-type,Petrol
MAZDA,Xedos 9,3000.0,200.0,220.0,7.5,32500.0,5,260.0,V-type,Petrol
MAZDA,121,1300.0,70.0,155.0,13.0,13500.0,5,110.0,Inline,Petrol
MAZDA,1200,1200.0,60.0,130.0,16.0,11000.0,4,90.0,Inline,Petrol
MAZDA,1500,1500.0,85.0,145.0,14.0,13500.0,5,120.0,Inline,Petrol
MAZDA,Rx-2,1308.0,130.0,185.0,8.5,22500.0,4,220.0,Inline,Petrol
MAZDA,Rx-5,1588.0,135.0,190.0,8.0,27500.0,4,210.0,Inline,Petrol
MAZDA,Rx-7 Spirit R,1308.0,280.0,250.0,5.5,37500.0,2,290.0,Inline,Petrol
MAZDA,Cosmo Sport (110S),1000.0,110.0,170.0,10.0,32500.0,2,150.0,Inline,Petrol
MAZDA,Eunos 500,1998.0,135.0,200.0,9.0,26500.0,5,170.0,Inline,Petrol
MAZDA,Eunos Roadster,1590.0,116.0,180.0,9.5,16500.0,2,140.0,Inline,Petrol
MAZDA,Familia Astina,1800.0,135.0,200.0,8.5,21000.0,5,170.0,Inline,Petrol
MAZDA,Savanna Rx-7,1308.0,165.0,230.0,7.5,30000.0,2,230.0,Inline,Petrol
MAZDA,Capella Cargo,2000.0,115.0,180.0,12.0,20000.0,4,160.0,Inline,Petrol
MAZDA,818,1600.0,100.0,170.0,12.5,16000.0,5,130.0,Inline,Petrol
MAZDA,Sentia Hardtop Coupe,2500.0,160.0,210.0,8.0,32500.0,4,220.0,V-type,Petrol
MAZDA,Biante,2000.0,150.0,185.0,10.0,24000.0,7,200.0,Inline,Petrol
MAZDA,Premacy Hydrogen Re Hybrid,1308.0,200.0,180.0,9.5,42500.0,5,260.0,Electric Motor,Hybrid
MAZDA,Carol P360,360.0,26.0,85.0,35.0,9000.0,4,45.0,Inline,Petrol
MAZDA,T2000,2000.0,110.0,170.0,12.5,19000.0,2,160.0,Inline,Petrol
MAZDA,Az-Offroad,1298.0,85.0,145.0,12.0,16500.0,5,130.0,Inline,Petrol
MAZDA,Scrum Wagon,657.0,64.0,120.0,15.5,11000.0,4,95.0,Inline,Petrol
MAZDA,Persona,1497.0,92.0,160.0,13.5,14500.0,5,130.0,Inline,Petrol
MAZDA,Astina,1800.0,140.0,190.0,8.5,22000.0,5,160.0,Inline,Petrol
MAZDA,Etude,1598.0,105.0,170.0,10.0,15000.0,5,135.0,Inline,Petrol
MAZDA,Porter,1497.0,95.0,130.0,14.0,13500.0,2,130.0,Inline,Petrol
MAZDA,Mx-3,1598.0,130.0,190.0,8.5,20000.0,4,140.0,Inline,Petrol
MAZDA,Mx-5 Superlight Concept,1798.0,143.0,200.0,7.5,32500.0,2,160.0,Inline,Petrol
MAZDA,Premacy Hydrogen Re,1308.0,200.0,180.0,9.5,42500.0,5,260.0,Electric Motor,Hybrid
MAZDA,Bongo Truck,1998.0,120.0,130.0,15.0,16500.0,2,150.0,Inline,Petrol
MAZDA,Rotary Pickup,1308.0,130.0,150.0,14.5,20000.0,2,160.0,W-type,Petrol
MAZDA,Luce Rotary Coupe,1308.0,135.0,175.0,12.0,27500.0,4,180.0,W-type,Petrol
MAZDA,Millenia S,2500.0,200.0,220.0,8.0,32500.0,5,250.0,V-type,Petrol
MAZDA,787B (Race Car),2620.0,700.0,320.0,3.5,6000000.0,1,500.0,W-type,Petrol
TOYOTA,Crown Signia,2487.0,240.0,180.0,7.6,4359048000.0,5,239.0,Hybrid (ICE+Electric),Hybrid
TOYOTA,4Runner (6Th Gen),2393.0,326.0,180.0,6.8,50000.0,7,630.0,Hybrid (ICE+Electric),Hybrid
TOYOTA,Corolla Cross,1987.0,169196.0,190.0,,2521029135.0,5,190210.0,Hybrid (ICE+Electric),Hybrid
TOYOTA,C-Hr+,,140198.0,180.0,,33000.0,5,190205.0,Hybrid (ICE+Electric),Hybrid
TOYOTA,Rav4 (6Th Gen),2487.0,219302.0,200.0,,2900043000.0,5,221400.0,Hybrid (ICE+Electric),Hybrid
